Restrição de Atendimento,Escola,Categoria Administrativa,Endereço,Telefone,Porte da Escola,Etapas e Modalidade de Ensino Oferecidas,Latitude,Longitude,Bairro
ESCOLA PARALISADA,ESCOLA INFANTIL RENASCER,Privada,"MONTE BELVEDERE, 984 VILA MARGARIDA. 11330-580 São Vicente - SP.",(13) 34635844,,,-23.967984,-46.4044177,VILA MARGARIDA
ESCOLA EM FUNCIONAMENTO E SEM RESTRIÇÃO DE ATENDIMENTO,CRECHE E EDUCACAO INFANTIL ABC,Privada,"GENERAL MARIO HERMES DA FONSECA, 655 ESPLANADA DOS BARREIROS. 11340-180 São Vicente - SP.",,Até 50 matrículas de escolarização,Educação Infantil,-23.96044833,-46.40936667,ESPLANADA DOS BARREIROS
ESCOLA EM FUNCIONAMENTO E SEM RESTRIÇÃO DE ATENDIMENTO,ANJO GABRIEL,Privada,"VALTER DO AMARAL, 39 CATIAPOA. 11370-305 São Vicente - SP.",,Até 50 matrículas de escolarização,Educação Infantil,-23.96077084,-46.38895709,CATIAPOA
ESCOLA EM FUNCIONAMENTO E SEM RESTRIÇÃO DE ATENDIMENTO,NUCLEO DE RECREACAO INFANTIL APRENDER BRINCANDO,Privada,"MARECHAL HUMBERTO DE ALENCAR CASTELO BRANCO, 449 CIDADE NAUTICA. 11355-000 São Vicente - SP.",,Até 50 matrículas de escolarização,Educação Infantil,-23.94918706,-46.40940402,CIDADE NAUTICA
ESCOLA EM FUNCIONAMENTO E SEM RESTRIÇÃO DE ATENDIMENTO,CRECHE PROFESSORA REGINA CELIA DOS SANTOS,Pública Municipal,"CAPITAO ANTAO DE MOURA, 429 PARQUE BITARU. 11330-100 São Vicente - SP.",,Entre 51 e 200 matrículas de escolarização,Educação Infantil,-23.9677208,-46.3937494,PARQUE BITARU
ESCOLA EM FUNCIONAMENTO E SEM RESTRIÇÃO DE ATENDIMENTO,CRECHE MUNICIPAL EDUARDO FURKINI,Pública Municipal,"DOUTOR ARCHIMEDES BAVA, SN PARQUE DAS BANDEIRAS. 11346-190 São Vicente - SP.",,Entre 201 e 500 matrículas de escolarização,Educação Infantil,-23.9821152,-46.4948187,PARQUE DAS BANDEIRAS
ESCOLA EM FUNCIONAMENTO E SEM RESTRIÇÃO DE ATENDIMENTO,CRECHE MUNICIPAL PAULO DE SOUZA,Pública Municipal,"DEPUTADO ULISSES GUIMARAES, SN JARDIM RIO BRANCO. 11347-000 São Vicente - SP.",,Entre 51 e 200 matrículas de escolarização,Educação Infantil,-23.9759727,-46.4771376,JARDIM RIO BRANCO
ESCOLA EM FUNCIONAMENTO E SEM RESTRIÇÃO DE ATENDIMENTO,ESCOLA DE EDUCACAO INFANTIL SHALOM,Privada,"PROFESSOR LOVELY PLAUCHUT, 452 VILA MATEO BEI. 11335-300 São Vicente - SP.",,Até 50 matrículas de escolarização,Educação Infantil,-23.96482667,-46.40895167,VILA MATEO BEI
ESCOLA EM FUNCIONAMENTO E SEM RESTRIÇÃO DE ATENDIMENTO,CASA DA VOVO LIBANIA CRECHE COMUNITARIA,Privada,"VINTE E DOIS DE JANEIRO, 630 FUNDOS. CENTRO. 11310-090 São Vicente - SP.",,Entre 51 e 200 matrículas de escolarização,Educação Infantil,-23.9699138,-46.3857808,CENTRO
ESCOLA EM FUNCIONAMENTO E SEM RESTRIÇÃO DE ATENDIMENTO,PENIEL CRECHE COMUNITARIA,Privada,"TENENTE DURVAL DO AMARAL, 725 CATIAPOA. 11390-300 São Vicente - SP.",,Entre 51 e 200 matrículas de escolarização,Educação Infantil,-23.9568458,-46.3840025,CATIAPOA
ESCOLA EM FUNCIONAMENTO E SEM RESTRIÇÃO DE ATENDIMENTO,LAR CINDERELA CRECHE COMUNITARIA,Privada,"FRANCISCO SILVA SANTOS, 323 JARDIM GUASSU. 11370-530 São Vicente - SP.",,Entre 51 e 200 matrículas de escolarização,Educação Infantil,-23.9514511,-46.3770646,JARDIM GUASSU
ESCOLA EM FUNCIONAMENTO E SEM RESTRIÇÃO DE ATENDIMENTO,CRECHE MUNDO DA CRIANCA,Privada,"VEREADOR LOURIVAL MOREIRA DO AMARAL, 604 PARQUE SAO VICENTE. 11365-100 São Vicente - SP.",,Entre 51 e 200 matrículas de escolarização,Educação Infantil,-23.9577278,-46.3943482,PARQUE SAO VICENTE
ESCOLA EM FUNCIONAMENTO E SEM RESTRIÇÃO DE ATENDIMENTO,COLEGIO NASCIMENTO EDUCACAO,Privada,"COSTA REGO, 50 VILA SAO JORGE. 11380-140 São Vicente - SP.",(13) 35615642,Entre 201 e 500 matrículas de escolarização,"Ensino Fundamental, Ensino Médio",-23.9546209,-46.3739948,VILA SAO JORGE
ESCOLA EM FUNCIONAMENTO E SEM RESTRIÇÃO DE ATENDIMENTO,CANTINHO DO ZEZINHO CRECHE COMUNITARIA,Privada,"SACADURA CABRAL, 399 VILA JOCKEI CLUBE. 11365-080 São Vicente - SP.",,Entre 51 e 200 matrículas de escolarização,Educação Infantil,-23.94777155,-46.3921991,VILA JOQUEI CLUBE
ESCOLA EM FUNCIONAMENTO E SEM RESTRIÇÃO DE ATENDIMENTO,COLEGIO VISAO,Privada,"RUA TENENTE DURVAL DO AMARAL, 245 CATIAPOA. 11390-300 São Vicente - SP.",(13) 33954800,Até 50 matrículas de escolarização,Ensino Fundamental,-23.96062202,-46.39045697,CATIAPOA
ESCOLA EM FUNCIONAMENTO E SEM RESTRIÇÃO DE ATENDIMENTO,CRECHE SANDRA ANTONELI,Pública Municipal,"ELISANGELA SANTOS MENDES, SN SAMARITA. 11345-585 São Vicente - SP.",,Entre 51 e 200 matrículas de escolarização,Educação Infantil,-23.98871445,-46.46972985,SAMARITA
ESCOLA EM FUNCIONAMENTO E SEM RESTRIÇÃO DE ATENDIMENTO,ESCOLA DE EDUCACAO INFANTIL SAPINHO SAPECA,Privada,"CUIABA, 196 VILA NOSSA SENHORA DE FATIMA. 11355-250 São Vicente - SP.",,Até 50 matrículas de escolarização,Educação Infantil,-23.95497687,-46.40395354,VILA NOSSA SENHORA DE FATIMA
ESCOLA EM FUNCIONAMENTO E SEM RESTRIÇÃO DE ATENDIMENTO,ESCOLA FORTEC UNIDADE VI,Privada,"FREI GASPAR, 2078 PARQUE SAO VICENTE. 11340-000 São Vicente - SP.",(13) 34661868,Entre 201 e 500 matrículas de escolarização,"Educação Infantil, Ensino Fundamental",-23.9637606,-46.39012,PARQUE SAO VICENTE
ESCOLA EM FUNCIONAMENTO E SEM RESTRIÇÃO DE ATENDIMENTO,COLEGIO GENESIS MASTER SAO VICENTE,Privada,"EDUARDO CACAO, 1448 JARDIM RIO BRANCO. 11347-150 São Vicente - SP.",(13) 35765513,Entre 51 e 200 matrículas de escolarização,Ensino Fundamental,-23.98412012,-46.46890085,JARDIM RIO BRANCO
ESCOLA EM FUNCIONAMENTO E SEM RESTRIÇÃO DE ATENDIMENTO,COLEGIO ECTTA,Privada,"SANTA CRUZ, 110 CENTRO. 11310-290 São Vicente - SP.",(13) 996884427,Entre 51 e 200 matrículas de escolarização,"Educação Infantil, Ensino Fundamental",-23.9660133,-46.3871781,CENTRO
ESCOLA EM FUNCIONAMENTO E SEM RESTRIÇÃO DE ATENDIMENTO,COLEGIO DO ROCIO,Privada,"CAPITAOMOR AGUIAR, 898 CENTRO. 11310-200 São Vicente - SP.",(13) 34669491,Até 50 matrículas de escolarização,"Educação Infantil, Ensino Fundamental",-23.9678002,-46.3917292,CENTRO
ESCOLA EM FUNCIONAMENTO E SEM RESTRIÇÃO DE ATENDIMENTO,COLEGIO ABC,Privada,"ENGENHEIRO ANDRE REBOUCAS, 10 VILA MATEO BEI. 11335-340 São Vicente - SP.",(13) 34683350,Até 50 matrículas de escolarização,Ensino Fundamental,-23.9625459,-46.4100661,VILA MATEO BEI
ESCOLA EM FUNCIONAMENTO E SEM RESTRIÇÃO DE ATENDIMENTO,JOVEM EISNTEN,Privada,"MARECHAL CANDIDO MARIANO DA SILVA RONDON, 21 VILA MARGARIDA. 11330-800 São Vicente - SP.",,Até 50 matrículas de escolarização,Educação Infantil,-23.962403,-46.393104,VILA MARGARIDA
ESCOLA EM FUNCIONAMENTO E SEM RESTRIÇÃO DE ATENDIMENTO,ABRACADABRA,Privada,"MARECHAL DEODORO, 219 VILA VALENCA. 11390-100 São Vicente - SP.",(13) 34689141,Até 50 matrículas de escolarização,Educação Infantil,-21.2100204,-50.4520903,VILA VALENCA
ESCOLA EM FUNCIONAMENTO E SEM RESTRIÇÃO DE ATENDIMENTO,ESCOLA DE EDUCACAO INFANTIL SAFARI,Privada,"IBRAHIN ABDALLA SET EL BANAT, 472 JARDIM RIO BRANCO. 11347-010 São Vicente - SP.",,Até 50 matrículas de escolarização,Educação Infantil,-23.977582,-46.474333,JARDIM RIO BRANCO
ESCOLA EM FUNCIONAMENTO E SEM RESTRIÇÃO DE ATENDIMENTO,CRECHE MUNICIPAL JEAN PIERRE DOS SANTOS MOLINA,Pública Municipal,"JOSE VIEGAS, SN PARQUE CONTINENTAL. 11348-390 São Vicente - SP.",,Entre 51 e 200 matrículas de escolarização,Educação Infantil,-23.95706977,-46.45861852,PARQUE CONTINENTAL
ESCOLA EM FUNCIONAMENTO E SEM RESTRIÇÃO DE ATENDIMENTO,CRECHE MUNICIPAL ENG SEITETSU IHA,Pública Municipal,"BENJAMIM MATEUS MENDES, SN SAMARITA. 11345-580 São Vicente - SP.",,Entre 51 e 200 matrículas de escolarização,Educação Infantil,-23.988225,-46.46831833,SAMARITA
ESCOLA EM FUNCIONAMENTO E SEM RESTRIÇÃO DE ATENDIMENTO,UNIDADE EDUCACIONAL NILTON RIBEIRO,Pública Municipal,"JOSE JULIO DA SILVA, 382 JAPUI. 11325-080 São Vicente - SP.",,Entre 201 e 500 matrículas de escolarização,"Educação Infantil, Ensino Fundamental",-23.98737462,-46.39373984,JAPUI
ESCOLA EM FUNCIONAMENTO E SEM RESTRIÇÃO DE ATENDIMENTO,CRECHE MUNICIPAL PROFESSOR CELSO EDUARDO DA SILVA,Pública Municipal,"QUARENTA E CINCO, SN CONJUNTO RESIDENCIAL HUMAITA. 11349-210 São Vicente - SP.",,Entre 51 e 200 matrículas de escolarização,Educação Infantil,-23.95236068,-46.45364509,CONJUNTO RESIDENCIAL HUMAITA
ESCOLA EM FUNCIONAMENTO E SEM RESTRIÇÃO DE ATENDIMENTO,ESCOLA INFANTIL GERANDO SONHOS,Privada,"PERO VAZ DE CAMINHA, 303 VILA VALENCA. 11390-040 São Vicente - SP.",(13) 34673146,Entre 51 e 200 matrículas de escolarização,Educação Infantil,-23.9638194,-46.3772823,VILA VALENCA
ESCOLA EM FUNCIONAMENTO E SEM RESTRIÇÃO DE ATENDIMENTO,CRECHE MUNICIPAL NOSSA SENHORA DE FATIMA,Pública Municipal,"STELIO MACHADO LOUREIRO, 66 VILA NOSSA SENHORA DE FATIMA. 11355-240 São Vicente - SP.",,Entre 51 e 200 matrículas de escolarização,Educação Infantil,-23.9458624,-46.4062327,VILA NOSSA SENHORA DE FATIMA
ESCOLA EM FUNCIONAMENTO E SEM RESTRIÇÃO DE ATENDIMENTO,CENTRO EDUCACIONAL GIRASSOL KIDS LTDA,Privada,"ALAMEDA DOIS, 774 PARQUE CONTINENTAL. 11348-300 São Vicente - SP.",,Entre 51 e 200 matrículas de escolarização,Educação Infantil,-23.956439,-46.456142,PARQUE CONTINENTAL
ESCOLA EM FUNCIONAMENTO E SEM RESTRIÇÃO DE ATENDIMENTO,CRECHE MUNICIPAL CORA CORALINA,Pública Municipal,"PAULO HORCEL, SN JAPUI. 11325-100 São Vicente - SP.",,Entre 51 e 200 matrículas de escolarização,Educação Infantil,-23.9883338,-46.3935276,JAPUI
ESCOLA EM FUNCIONAMENTO E SEM RESTRIÇÃO DE ATENDIMENTO,CRECHE MUNICIPAL VILA MARGARIDA,Pública Municipal,"RIO SERCHIO, SN VILA MARGARIDA. 11330-640 São Vicente - SP.",,Entre 201 e 500 matrículas de escolarização,Educação Infantil,-23.9681164,-46.4017034,VILA MARGARIDA
ESCOLA EM FUNCIONAMENTO E SEM RESTRIÇÃO DE ATENDIMENTO,CRECHE MUNICIPAL JULIO PEREIRA DE ANDRADE,Pública Municipal,"DOUTOR ESMERALDO SOARES TARQUINIO DE CAMPOS FILHO, 113 PARQUE DAS BANDEIRAS. 11346-000 São Vicente - SP.",,Entre 51 e 200 matrículas de escolarização,Educação Infantil,-23.982742,-46.487191,PARQUE DAS BANDEIRAS
ESCOLA EM FUNCIONAMENTO E SEM RESTRIÇÃO DE ATENDIMENTO,CENTRO DE PROGRESSAO PENITENCIARIA,Pública Estadual,"PADRE MANOEL DA NOBREGA, KM283 SAMARITA. 11346-300 São Vicente - SP.",,Entre 51 e 200 matrículas de escolarização,Educação de Jovens Adultos,-23.9717925,-46.3692271,SAMARITA
ESCOLA EM FUNCIONAMENTO E SEM RESTRIÇÃO DE ATENDIMENTO,SAINT MARY S BILINGUAL SCHOOL,Privada,"ANTONIO EMMERICK, 877 VILA CASCATINHA. 11390-001 São Vicente - SP.",(13) 33563212,Entre 201 e 500 matrículas de escolarização,"Educação Infantil, Ensino Fundamental, Ensino Médio",-23.9606219,-46.3768475,VILA CASCATINHA
ESCOLA EM FUNCIONAMENTO E SEM RESTRIÇÃO DE ATENDIMENTO,AMEI REI PELE,Pública Municipal,"JEQUIE, 628 SAMARITA. 11345-010 São Vicente - SP.",,Entre 501 e 1000 matrículas de escolarização,Ensino Fundamental,-23.9892772,-46.4748673,SAMARITA
ESCOLA EM FUNCIONAMENTO E SEM RESTRIÇÃO DE ATENDIMENTO,AMEI EMILIA,Pública Municipal,"MANOEL SIERRA PEREZ, 256 CIDADE NAUTICA. 11350-650 São Vicente - SP.",,Entre 201 e 500 matrículas de escolarização,Educação Infantil,-23.939421,-46.42003,CIDADE NAUTICA
ESCOLA EM FUNCIONAMENTO E SEM RESTRIÇÃO DE ATENDIMENTO,AMEI NARIZINHO,Pública Municipal,"MANOEL SIERRA PEREZ, 296 CIDADE NAUTICA. 11350-650 São Vicente - SP.",(13) 34621000,Entre 51 e 200 matrículas de escolarização,Educação Infantil,-23.937723,-46.419883,CIDADE NAUTICA
ESCOLA EM FUNCIONAMENTO E SEM RESTRIÇÃO DE ATENDIMENTO,AMEI VISCONDE DE SABUGOSA,Pública Municipal,"MANOEL SIERRA PEREZ, 350 CIDADE NAUTICA. 11350-650 São Vicente - SP.",,Entre 201 e 500 matrículas de escolarização,Ensino Fundamental,-23.937692,-46.419682,CIDADE NAUTICA
ESCOLA EM FUNCIONAMENTO E SEM RESTRIÇÃO DE ATENDIMENTO,INSTITUTO DE ENSINO GENESIS,Privada,"CAPITAOMOR AGUIAR, 512 CENTRO. 11310-200 São Vicente - SP.",,Até 50 matrículas de escolarização,Educação Infantil,-23.9678002,-46.3917292,CENTRO
ESCOLA EM FUNCIONAMENTO E SEM RESTRIÇÃO DE ATENDIMENTO,INSTITUTO EDUCACIONAL MARQUES DE OLINDA,Privada,"ANTONIO EMMERICK, 410 VILA CASCATINHA. 11390-001 São Vicente - SP.",(13) 33797547,Até 50 matrículas de escolarização,Educação Profissional,-23.9606219,-46.3768475,VILA CASCATINHA
ESCOLA EM FUNCIONAMENTO E SEM RESTRIÇÃO DE ATENDIMENTO,COHAB SAO VICENTE,Pública Estadual,"ALEXANDRE FIGUEIREDO E CUNHA, 170 CIDADE NAUTICA. 11350-580 São Vicente - SP.",(13) 981633391,Entre 201 e 500 matrículas de escolarização,"Ensino Fundamental, Ensino Médio",-23.939326,-46.418792,CIDADE NAUTICA
ESCOLA EM FUNCIONAMENTO E SEM RESTRIÇÃO DE ATENDIMENTO,PRIMARY EDUCACAO INFANTIL,Privada,"MARTINS FONTES, 1730 ESPLANADA DOS BARREIROS. 11340-010 São Vicente - SP.",,Até 50 matrículas de escolarização,Educação Infantil,-23.9608712,-46.4075627,ESPLANADA DOS BARREIROS
ESCOLA EM FUNCIONAMENTO E SEM RESTRIÇÃO DE ATENDIMENTO,ESCOLA CAMBALHOTA,Privada,"MARECHAL MASCARENHAS DE MORAES, 390 VILA MARGARIDA. 11330-000 São Vicente - SP.",(13) 34640607,Entre 51 e 200 matrículas de escolarização,Educação Infantil,-23.9659616,-46.4029045,VILA MARGARIDA
ESCOLA EM FUNCIONAMENTO E SEM RESTRIÇÃO DE ATENDIMENTO,EVOLUIR CONSTRUIR EDUCACAO INFANTIL,Privada,"JACOB EMERICK, 1062 CENTRO. 11310-070 São Vicente - SP.",,Até 50 matrículas de escolarização,Educação Infantil,-23.9669447,-46.3863237,CENTRO
ESCOLA EM FUNCIONAMENTO E SEM RESTRIÇÃO DE ATENDIMENTO,CRECHE MUNICIPAL CATIAPOA,Pública Municipal,"VICENTE GIL, 368 CATIAPOA. 11390-320 São Vicente - SP.",,Entre 51 e 200 matrículas de escolarização,Educação Infantil,-23.9592237,-46.386792,CATIAPOA
ESCOLA EM FUNCIONAMENTO E SEM RESTRIÇÃO DE ATENDIMENTO,CRECHE MUNICIPAL VILA NOVA SAO VICENTE,Pública Municipal,"ALFIO BENASSI, 333 VILA NOVA SAO VICENTE. 11346-420 São Vicente - SP.",,Entre 51 e 200 matrículas de escolarização,Educação Infantil,-23.989617,-46.489348,VILA NOVA SAO VICENTE
ESCOLA EM FUNCIONAMENTO E SEM RESTRIÇÃO DE ATENDIMENTO,CRECHE MUNICIPAL QUARENTENARIO,Pública Municipal,"GOIAS, 740 JARDIM IRMA DOLORES. 11347-515 São Vicente - SP.",,Entre 51 e 200 matrículas de escolarização,Educação Infantil,-23.9905575,-46.4758194,JARDIM IRMA DOLORES
ESCOLA EM FUNCIONAMENTO E SEM RESTRIÇÃO DE ATENDIMENTO,ESCOLA DE EDUCACAO INFANTIL PREDILETO,Privada,"MONTE PLANO, 513 VILA MARGARIDA. 11335-020 São Vicente - SP.",,Até 50 matrículas de escolarização,Educação Infantil,-23.969453,-46.4092504,VILA MARGARIDA
ESCOLA EM FUNCIONAMENTO E SEM RESTRIÇÃO DE ATENDIMENTO,ESCOLA UNIVERSO DO SABER,Privada,"TIBIRICA, 370 CENTRO. 11320-020 São Vicente - SP.",,Até 50 matrículas de escolarização,Educação Infantil,-23.9686012,-46.3840282,CENTRO
ESCOLA EM FUNCIONAMENTO E SEM RESTRIÇÃO DE ATENDIMENTO,CRECHE MUNICIPAL PROFESSORA ANA CRISTINA SANTOS HENRIQUES,Pública Municipal,"CAIAMORE, 804 VILA MARGARIDA. 11330-703 São Vicente - SP.",,Entre 201 e 500 matrículas de escolarização,Educação Infantil,-23.966122,-46.405922,VILA MARGARIDA
ESCOLA EM FUNCIONAMENTO E SEM RESTRIÇÃO DE ATENDIMENTO,ANTONIO MOREIRA COELHO DEPUTADO,Pública Estadual,"NOSSA SENHORA APARECIDA, SN PRACA. VILA FATIMA. 11355-340 São Vicente - SP.",(13) 34646511,Entre 501 e 1000 matrículas de escolarização,"Ensino Fundamental, Ensino Médio",-23.9494377,-46.403842,VILA NOSSA SENHORA DE FATIMA
ESCOLA EM FUNCIONAMENTO E SEM RESTRIÇÃO DE ATENDIMENTO,ENIO VILAS BOAS PROFESSOR,Pública Estadual,"JOSE JOAQUIM DE AZEVEDO, 1166 RUA. CIDADE NAUTICA. 11355-040 São Vicente - SP.",(13) 34641983,Entre 201 e 500 matrículas de escolarização,Ensino Fundamental,-23.94017,-46.4081876,CIDADE NAUTICA
ESCOLA EM FUNCIONAMENTO E SEM RESTRIÇÃO DE ATENDIMENTO,MARIA THEREZA DA CUNHA PEDROSO PROFESSORA,Pública Estadual,"VITORIA DE SANTO ANTAO, SN RUA. CATIAPOA. 11370-480 São Vicente - SP.",(13) 34682163,Entre 201 e 500 matrículas de escolarização,"Ensino Fundamental, Ensino Médio",-23.9529603,-46.3858967,CATIAPOA
ESCOLA EM FUNCIONAMENTO E SEM RESTRIÇÃO DE ATENDIMENTO,JOSE NIGRO PROFESSOR,Pública Estadual,"DO PARQUE, SN TRAVESSA. CATIAPOA. 11365-330 São Vicente - SP.",(13) 34682499,Entre 201 e 500 matrículas de escolarização,"Ensino Fundamental, Ensino Médio",-23.9574484,-46.3931389,CATIAPOA
ESCOLA EM FUNCIONAMENTO E SEM RESTRIÇÃO DE ATENDIMENTO,ZULMIRA DE ALMEIDA LAMBERT PROFESSORA,Pública Estadual,"CAMPOS, SN RUA. JARDIM INDEPENDENCIA. 11380-560 São Vicente - SP.",(13) 35612827,Entre 201 e 500 matrículas de escolarização,"Ensino Médio, Educação Profissional",-23.9629923,-46.3695292,JARDIM INDEPENDENCIA
ESCOLA EM FUNCIONAMENTO E SEM RESTRIÇÃO DE ATENDIMENTO,MARTIM AFONSO,Pública Estadual,"JOSE BONIFACIO, 102 RUA. CENTRO. 11310-080 São Vicente - SP.",(13) 34681625,Entre 501 e 1000 matrículas de escolarização,"Ensino Fundamental, Ensino Médio, Educação Profissional",-23.9692813,-46.383432,CENTRO
ESCOLA EM FUNCIONAMENTO E SEM RESTRIÇÃO DE ATENDIMENTO,YOLANDA CONTE PROFESSORA,Pública Estadual,"JOSE ADRIANO MARREY JUNIOR, 503 RUA. ESPLANADA DOS BARREIROS. 11340-310 São Vicente - SP.",(13) 34612557,Entre 501 e 1000 matrículas de escolarização,"Ensino Médio, Educação Profissional",-23.9563832,-46.4128049,ESPLANADA DOS BARREIROS
ESCOLA EM FUNCIONAMENTO E SEM RESTRIÇÃO DE ATENDIMENTO,MARGARIDA PINHO RODRIGUES,Pública Estadual,"DOUTOR POLYDORO DE OLIVEIRA BITTENCOURT, 300 RUA. VILA MARGARIDA. 11330-570 São Vicente - SP.",(13) 34632335,Mais de 1000 matrículas de escolarização,"Ensino Fundamental, Ensino Médio",-23.9666223,-46.4012189,VILA MARGARIDA
ESCOLA EM FUNCIONAMENTO E SEM RESTRIÇÃO DE ATENDIMENTO,ARMANDO VICTORIO BEI,Pública Estadual,"CARIJOS, 1020 RUA. PARQUE SAO VICENTE. 11360-100 São Vicente - SP.",(13) 34649493,Mais de 1000 matrículas de escolarização,"Ensino Fundamental, Ensino Médio",-23.9497288,-46.3978776,PARQUE SAO VICENTE
ESCOLA EM FUNCIONAMENTO E SEM RESTRIÇÃO DE ATENDIMENTO,LEOPOLDO JOSE DE SANT ANNA PROFESSOR,Pública Estadual,"PROFESSOR JOSE GONCALVES PAIM, 60 RUA. PARQUE BITARU. 11310-340 São Vicente - SP.",(13) 34683316,Mais de 1000 matrículas de escolarização,"Ensino Fundamental, Ensino Médio, Educação Profissional, Educação de Jovens Adultos",-23.965866,-46.3938516,PARQUE BITARU
ESCOLA EM FUNCIONAMENTO E SEM RESTRIÇÃO DE ATENDIMENTO,ANTONIO LUIZ BARREIROS,Pública Estadual,"PAULO HORCEL, 404 RUA. JAPUI. 11325-100 São Vicente - SP.",(13) 35671412,Entre 201 e 500 matrículas de escolarização,"Ensino Fundamental, Ensino Médio",-23.9880118,-46.3929396,JAPUI
ESCOLA EM FUNCIONAMENTO E SEM RESTRIÇÃO DE ATENDIMENTO,LUIZ D AUREA PROFESSOR,Pública Estadual,"OITO, 119 RUA. VILA NOVA SAO VICENTE. 11346-380 São Vicente - SP.",(13) 35661259,Mais de 1000 matrículas de escolarização,"Ensino Fundamental, Ensino Médio, Educação Profissional",-23.9877548,-46.4897726,VILA NOVA SAO VICENTE
ESCOLA EM FUNCIONAMENTO E SEM RESTRIÇÃO DE ATENDIMENTO,MARIA DULCE MENDES PROFESSORA,Pública Estadual,"TUPI, 500 RUA. PARQUE SAO VICENTE. 11355-500 São Vicente - SP.",(13) 34645390,Entre 501 e 1000 matrículas de escolarização,"Ensino Fundamental, Ensino Médio, Educação Profissional",-23.953593,-46.4009204,PARQUE SAO VICENTE
ESCOLA EM FUNCIONAMENTO E SEM RESTRIÇÃO DE ATENDIMENTO,ESMERALDO SOARES TARQUINIO DE CAMPOS FILHO,Pública Estadual,"DEPUTADO ULISSES GUIMARAES, 180 AVENIDA. JARDIM RIO BRANCO. 11347-000 São Vicente - SP.",(13) 35661164,Mais de 1000 matrículas de escolarização,"Ensino Fundamental, Ensino Médio",-23.9770446,-46.4775255,JARDIM RIO BRANCO
ESCOLA EM FUNCIONAMENTO E SEM RESTRIÇÃO DE ATENDIMENTO,UNIDADE EDUCACIONAL CAROLINA DANTAS,Pública Municipal,"AURELIO PONNA, 26 RUA. CATIAPOA. 11390-310 São Vicente - SP.",(13) 34672425,Entre 201 e 500 matrículas de escolarização,Ensino Fundamental,-23.9596994,-46.3838258,CATIAPOA
ESCOLA EM FUNCIONAMENTO E SEM RESTRIÇÃO DE ATENDIMENTO,UNIDADE EDUCACIONAL DUQUE DE CAXIAS,Pública Municipal,"NAPOLEAO LAUREANO, SN PRACA. JARDIM GUASSU. 11370-600 São Vicente - SP.",(13) 35614862,Entre 501 e 1000 matrículas de escolarização,"Educação Infantil, Ensino Fundamental",-23.9517432,-46.3780454,JARDIM GUASSU
ESCOLA EM FUNCIONAMENTO E SEM RESTRIÇÃO DE ATENDIMENTO,UNIDADE EDUCACIONAL LIONS CLUBE,Pública Municipal,"COSTA REGO, 533 RUA. VILA SAO JORGE. 11380-140 São Vicente - SP.",(13) 35614982,Entre 201 e 500 matrículas de escolarização,Ensino Fundamental,-23.9558136,-46.3696327,VILA SAO JORGE
ESCOLA EM FUNCIONAMENTO E SEM RESTRIÇÃO DE ATENDIMENTO,UNIDADE EDUCACIONAL MATTEO BEI I,Pública Municipal,"CARIJOS, 505 PARQUE SAO VICENTE. 11360-100 São Vicente - SP.",(13) 34671683,Entre 201 e 500 matrículas de escolarização,Ensino Fundamental,-23.954569,-46.3985838,PARQUE SAO VICENTE
ESCOLA EM FUNCIONAMENTO E SEM RESTRIÇÃO DE ATENDIMENTO,UNIDADE EDUCACIONAL RAQUEL DE CASTRO FERREIRA,Pública Municipal,"NEWTON PRADO, 503 AVENIDA. MORRO DOS BARBOSAS. 11310-160 São Vicente - SP.",(13) 34676021,Entre 201 e 500 matrículas de escolarização,Ensino Fundamental,-23.9716408,-46.3913308,MORRO DOS BARBOSAS
ESCOLA EM FUNCIONAMENTO E SEM RESTRIÇÃO DE ATENDIMENTO,UNIDADE EDUCACIONAL PROFESSOR EDMUNDO CAPELLARI,Pública Municipal,"VITORIA, SN PRACA. VILA VOTURUA. 11380-640 São Vicente - SP.",(13) 35613794,Entre 201 e 500 matrículas de escolarização,Educação Infantil,-23.961576,-46.3697866,VILA VOTURUA
ESCOLA EM FUNCIONAMENTO E SEM RESTRIÇÃO DE ATENDIMENTO,UNIDADE EDUCACIONAL PROFESSOR CLEMENTE FERREIRA,Pública Municipal,"LARGO PROFESSOR CLEMENTE FERREIRA, SN LARGO. VILA MELO. 11370-050 São Vicente - SP.",(13) 35616168,Entre 51 e 200 matrículas de escolarização,Educação Infantil,-23.9589704,-46.3788343,VILA MELO
ESCOLA EM FUNCIONAMENTO E SEM RESTRIÇÃO DE ATENDIMENTO,UNIDADE EDUCACIONAL DOM PEDRO I,Pública Municipal,"DOM PEDRO I, SN PRACA. PARQUE SAO VICENTE. 11360-240 São Vicente - SP.",(13) 34624613,Entre 51 e 200 matrículas de escolarização,Educação Infantil,-23.9521141,-46.398293,PARQUE SAO VICENTE
ESCOLA EM FUNCIONAMENTO E SEM RESTRIÇÃO DE ATENDIMENTO,UNIDADE EDUCACIONAL MARIO COVAS JUNIOR,Pública Municipal,"NILO DE SOUZA COELHO SENADOR, SN RUA. PARQUE DAS BANDEIRAS. 11346-040 São Vicente - SP.",(13) 35662499,Entre 501 e 1000 matrículas de escolarização,"Educação Infantil, Ensino Fundamental, Educação de Jovens Adultos",-23.9899428,-46.4819632,PARQUE DAS BANDEIRAS
ESCOLA EM FUNCIONAMENTO E SEM RESTRIÇÃO DE ATENDIMENTO,AMEI PARQUE SAO VICENTE MARIA DE LOURDES BATISTA,Pública Municipal,"RUBENS FERREIRA MARTINS, SN PARQUE SAO VICENTE. 11360-230 São Vicente - SP.",(13) 34646146,Entre 201 e 500 matrículas de escolarização,Ensino Fundamental,-23.9521516,-46.4001783,PARQUE SAO VICENTE
ESCOLA EM FUNCIONAMENTO E SEM RESTRIÇÃO DE ATENDIMENTO,UNIDADE EDUCACIONAL CIDADE DE NAHA,Pública Municipal,"GENERAL EITCHEGOYEN, 25 RUA. CATIAPOA. 11370-210 São Vicente - SP.",,Entre 51 e 200 matrículas de escolarização,Educação Infantil,-23.9580943,-46.3830812,CATIAPOA
ESCOLA EM FUNCIONAMENTO E SEM RESTRIÇÃO DE ATENDIMENTO,UNIDADE EDUCACIONAL ALBERTO SANTOS DUMONT,Pública Municipal,"EDUARDO CACAO, SN RUA. JARDIM RIO BRANCO. 11347-150 São Vicente - SP.",(13) 35661498,Entre 201 e 500 matrículas de escolarização,"Educação Infantil, Ensino Fundamental",-23.9775809,-46.4777482,JARDIM RIO BRANCO
ESCOLA EM FUNCIONAMENTO E SEM RESTRIÇÃO DE ATENDIMENTO,UNIDADE EDUCACIONAL CARLOS CALDEIRA,Pública Municipal,"ARMINDO RAMOS, SN PRACA. SAMARITA. 11345-005 São Vicente - SP.",(13) 35662522,Entre 51 e 200 matrículas de escolarização,Educação Infantil,-23.9897581,-46.4755734,SAMARITA
ESCOLA EM FUNCIONAMENTO E SEM RESTRIÇÃO DE ATENDIMENTO,UNIDADE EDUCACIONAL PROFESSORA ADILZA DE OLIVEIRA ROSA SOBRAL,Pública Municipal,"31 DE MARCO, SN PRACA. CIDADE NAUTICA. 11335-355 São Vicente - SP.",(13) 34613375,Entre 51 e 200 matrículas de escolarização,Educação Infantil,-23.9412806,-46.4062333,CIDADE NAUTICA
ESCOLA EM FUNCIONAMENTO E SEM RESTRIÇÃO DE ATENDIMENTO,UNIDADE EDUCACIONAL PADRE JOSE DE ANCHIETA,Pública Municipal,"BRASILIA, SN PRACA. PARQUE BANDEIRAS. 11346-005 São Vicente - SP.",(13) 35662517,Entre 51 e 200 matrículas de escolarização,Educação Infantil,-23.9849958,-46.4849419,PARQUE DAS BANDEIRAS
ESCOLA EM FUNCIONAMENTO E SEM RESTRIÇÃO DE ATENDIMENTO,UNIDADE EDUCACIONAL PROFESSOR JOSE BORGES FERNANDES,Pública Municipal,"SENADOR SALGADO FILHO, SN AVENIDA. JOQUEI CLUBE. 11360-200 São Vicente - SP.",(13) 34625330,Entre 201 e 500 matrículas de escolarização,Educação Infantil,-23.9426134,-46.3965132,VILA JOQUEI CLUBE
ESCOLA EM FUNCIONAMENTO E SEM RESTRIÇÃO DE ATENDIMENTO,JULIA MARIA DE JESUS CRECHE MUNICIPAL,Pública Municipal,"HATCHIK ARMENIO CATCHJAN, 210 AVENIDA. CONJUNTO RESIDENCIAL HUMAITA. 11349-100 São Vicente - SP.",(13) 35640245,Entre 51 e 200 matrículas de escolarização,Educação Infantil,-23.9491447,-46.4591377,CONJUNTO RESIDENCIAL HUMAITA
ESCOLA EM FUNCIONAMENTO E SEM RESTRIÇÃO DE ATENDIMENTO,UNIDADE EDUCACIONAL CAIC AYRTON SENNA DA SILVA,Pública Municipal,"IRMA MARIA RITA DE SOUZA BRITO LOPES IRMA DULCE, SN RUA. CONJUNTO RESIDENCIAL HUMAITA. 11349-330 São Vicente - SP.",(13) 34061399,Entre 501 e 1000 matrículas de escolarização,Ensino Fundamental,-23.9502191,-46.4579291,CONJUNTO RESIDENCIAL HUMAITA
ESCOLA EM FUNCIONAMENTO E SEM RESTRIÇÃO DE ATENDIMENTO,UNIDADE EDUCACIONAL PROFESSORA EULINA TRINDADE,Pública Municipal,"JURACY CAMARGO, SN PRACA. VILA MATEO BEI. 11335-355 São Vicente - SP.",(13) 34643937,Entre 201 e 500 matrículas de escolarização,"Educação Infantil, Ensino Fundamental",-23.961521,-46.4063103,VILA MATEO BEI
ESCOLA EM FUNCIONAMENTO E SEM RESTRIÇÃO DE ATENDIMENTO,UNIDADE EDUCACIONAL REPUBLICA DE PORTUGAL,Pública Municipal,"VINTE E TRES DE MAIO, 265 PRACA. PARQUE BITARU. 11310-170 São Vicente - SP.",(13) 34673496,Entre 501 e 1000 matrículas de escolarização,"Ensino Fundamental, Educação de Jovens Adultos",-23.9718088,-46.3930304,PARQUE BITARU
ESCOLA EM FUNCIONAMENTO E SEM RESTRIÇÃO DE ATENDIMENTO,UNIDADE EDUCACIONAL PROFESSOR ANUAR FRAYHA,Pública Municipal,"JOSE ADRIANO MARREY JUNIOR, SN RUA. CIDADE NAUTICA. 11340-310 São Vicente - SP.",(13) 34643482,Entre 201 e 500 matrículas de escolarização,Educação Infantil,-23.9559209,-46.4134028,CIDADE NAUTICA
ESCOLA EM FUNCIONAMENTO E SEM RESTRIÇÃO DE ATENDIMENTO,UNIDADE EDUCACIONAL PROFESSORA KELMA MARIA TOFFETI GONCALVES,Pública Municipal,"IRMA DULCE, SN AVENIDA. CONJUNTO RESIDENCIAL HUMAITA. 11349-000 São Vicente - SP.",(13) 35643477,Entre 201 e 500 matrículas de escolarização,Educação Infantil,-23.9507765,-46.4555927,CONJUNTO RESIDENCIAL HUMAITA
ESCOLA PARALISADA,UNIDADE EDUCACIONAL PROFESSORA MARIA GUILHERMINA MARTINS MACHADO,Pública Municipal,"AMERICO MARTINS DOS SANTOS, SN RUA. JARDIM PARAISO. 11370-550 São Vicente - SP.",(13) 35616425,,,-23.9522668,-46.3815632,JARDIM PARAISO
ESCOLA EM FUNCIONAMENTO E SEM RESTRIÇÃO DE ATENDIMENTO,UNIDADE EDUCACIONAL MONTEIRO LOBATO,Pública Municipal,"RIO LARGO, SN RUA. JARDIM NOSSO LAR. 11370-650 São Vicente - SP.",(13) 34681572,Entre 51 e 200 matrículas de escolarização,Educação Infantil,-23.951815,-46.3876286,JARDIM NOSSO LAR
ESCOLA EM FUNCIONAMENTO E SEM RESTRIÇÃO DE ATENDIMENTO,UNIDADE EDUCACIONAL PROVINCIA DE OKINAWA,Pública Municipal,"CIDADE DE CUBATAO, SN RUA. VILA MARGARIDA. 11330-680 São Vicente - SP.",,Entre 201 e 500 matrículas de escolarização,Educação Infantil,-23.967685,-46.4089001,VILA MARGARIDA
ESCOLA EM FUNCIONAMENTO E SEM RESTRIÇÃO DE ATENDIMENTO,UNIDADE EDUCACIONAL VILA EMA,Pública Municipal,"DOUTOR MARCELO RIBEIRO NOGUEIRA, SN RUA. VILA EMA. 11345-300 São Vicente - SP.",(13) 35661864,Entre 201 e 500 matrículas de escolarização,"Educação Infantil, Ensino Fundamental",-23.9927393,-46.4907148,VILA EMA
ESCOLA EM FUNCIONAMENTO E SEM RESTRIÇÃO DE ATENDIMENTO,TANCREDO NEVES CRECHE MUNICIPAL,Pública Municipal,"NOSSA SENHORA APARECIDA, 551 PRACA. VILA NOSSA FATIMA. 11355-340 São Vicente - SP.",(13) 34630303,Entre 51 e 200 matrículas de escolarização,Educação Infantil,-23.94833271,-46.40414734,VILA NOSSA SENHORA DE FATIMA
ESCOLA EM FUNCIONAMENTO E SEM RESTRIÇÃO DE ATENDIMENTO,SAO VICENTE ATENEU,Privada,"AMADOR BUENO DA RIBEIRA, 252 212. CENTRO. 11320-060 São Vicente - SP.",(13) 34686895,Entre 201 e 500 matrículas de escolarização,"Educação Infantil, Ensino Fundamental",-23.9667024,-46.3768826,CENTRO
ESCOLA EM FUNCIONAMENTO E SEM RESTRIÇÃO DE ATENDIMENTO,NOTRE DAME ESCOLA UNIDADE I,Privada,"PRESIDENTE WILSON, 278 AVENIDA. ITARARE. 11320-000 São Vicente - SP.",(13) 35791212,Entre 201 e 500 matrículas de escolarização,"Ensino Fundamental, Ensino Médio",-23.9703236,-46.3718591,ITARARE
ESCOLA EM FUNCIONAMENTO E SEM RESTRIÇÃO DE ATENDIMENTO,HENRIQUE OSWALD ESCOLA,Privada,"AGUIAR CAPITAOMOR, 223 AVENIDA. CENTRO. 11310-201 São Vicente - SP.",(13) 34683507,Entre 51 e 200 matrículas de escolarização,"Ensino Fundamental, Ensino Médio",-23.9694975,-46.3919989,CENTRO
ESCOLA EM FUNCIONAMENTO E SEM RESTRIÇÃO DE ATENDIMENTO,COLEGIO CULTURA,Privada,"STELIO MACHADO LOUREIRO, 312 VILA NOSSA SENHORA DE FATIMA. 11355-240 São Vicente - SP.",(13) 34639990,Entre 201 e 500 matrículas de escolarização,"Educação Infantil, Ensino Fundamental, Ensino Médio",-23.9535871,-46.4049046,VILA NOSSA SENHORA DE FATIMA
ESCOLA PARALISADA,ITA COLEGIO,Privada,"DJALMA DUTRA, 07 RUA. CENTRO. 11310-260 São Vicente - SP.",(13) 976006847,,,-23.9682847,-46.388389,CENTRO
ESCOLA PARALISADA,CRECHE MUNICIPAL SILVIO DE ABREU,Pública Municipal,"ERNESTO SEBASTIAO DO NASCIMENTO, 182 RUA. JAPUI. 11325-070 São Vicente - SP.",(13) 35670330,,,-23.9880961,-46.3958848,JAPUI
ESCOLA PARALISADA,VOVO LENICE CRECHE MUNICIPAL,Pública Municipal,"PADRE ANDRE DE SOVERAL, 281 RUA. VILA EMA. 11345-310 São Vicente - SP.",(13) 35760219,,,-23.9923921,-46.4920569,VILA EMA
ESCOLA EM FUNCIONAMENTO E SEM RESTRIÇÃO DE ATENDIMENTO,EXITO COLEGIO,Privada,"DEODORO MARECHAL, 267 AVENIDA. VILA VALENCA. 11390-100 São Vicente - SP.",(13) 34680429,Entre 51 e 200 matrículas de escolarização,"Educação Infantil, Ensino Fundamental, Ensino Médio",-23.9648028,-46.3795442,VILA VALENCA
ESCOLA EM FUNCIONAMENTO E SEM RESTRIÇÃO DE ATENDIMENTO,JEAN PIAGET COLEGIO,Privada,"STELIO MACHADO LOUREIRO, 694 710. CIDADE NAUTICA. 11355-240 São Vicente - SP.",(13) 34621143,Entre 501 e 1000 matrículas de escolarização,"Educação Infantil, Ensino Fundamental, Ensino Médio",-23.9500421,-46.4050013,CIDADE NAUTICA
ESCOLA EM FUNCIONAMENTO E SEM RESTRIÇÃO DE ATENDIMENTO,ESCOLA DE EDUCACAO INFANTIL SEMENTINHA,Privada,"MONTE PLANO, 154 RUA. VILA MARGARIDA. 11335-020 São Vicente - SP.",(13) 34640555,Até 50 matrículas de escolarização,Educação Infantil,-23.96274,-46.39965,VILA MARGARIDA
ESCOLA EM FUNCIONAMENTO E SEM RESTRIÇÃO DE ATENDIMENTO,EXEMPLO COLEGIO,Privada,"SEBASTIAO RIBEIRO DA SILVA, 5 RUA. CONJUNTO RESIDENCIAL HUMAITA. 11349-140 São Vicente - SP.",(13) 35642887,Entre 201 e 500 matrículas de escolarização,"Educação Infantil, Ensino Fundamental",-23.9494052,-46.4586447,CONJUNTO RESIDENCIAL HUMAITA
ESCOLA EM FUNCIONAMENTO E SEM RESTRIÇÃO DE ATENDIMENTO,SAO PEDRO COLEGIO,Privada,"FREI GASPAR, 4180 RUA. COMPANHIA NAUTICA. 11350-000 São Vicente - SP.",(13) 34642522,Entre 51 e 200 matrículas de escolarização,"Educação Infantil, Ensino Fundamental",-23.9476307,-46.4134301,CIDADE NAUTICA
ESCOLA EM FUNCIONAMENTO E SEM RESTRIÇÃO DE ATENDIMENTO,CELLULA MATER COLEGIO UNIDADE II,Privada,"PRESIDENTE WILSON, 1252 AVENIDA. CENTRO. 11320-000 São Vicente - SP.",(13) 34676160,Entre 201 e 500 matrículas de escolarização,"Educação Infantil, Ensino Fundamental, Ensino Médio",-23.96954,-46.37363,CENTRO
ESCOLA EM FUNCIONAMENTO E SEM RESTRIÇÃO DE ATENDIMENTO,SANTA ROSA COLEGIO,Privada,"CAMPOS DE BURY, 187 RUA. CENTRO. 11310-350 São Vicente - SP.",(13) 34695072,Até 50 matrículas de escolarização,Ensino Fundamental,-23.9631106,-46.3943092,CENTRO
ESCOLA EM FUNCIONAMENTO E SEM RESTRIÇÃO DE ATENDIMENTO,NOTRE DAME ESCOLA UNIDADE II,Privada,"PERO CORREA, 526 RUA. ITARARE. 11320-140 São Vicente - SP.",(13) 35791212,Entre 51 e 200 matrículas de escolarização,"Educação Infantil, Ensino Fundamental",-23.9698555,-46.3684327,ITARARE
ESCOLA EM FUNCIONAMENTO E SEM RESTRIÇÃO DE ATENDIMENTO,VERDE QUE TE QUERO VERDE ESCOLA,Privada,"FREITAS GUIMARAES, 152 RUA. ITARARE. 11320-140 São Vicente - SP.",(13) 33243624,Entre 201 e 500 matrículas de escolarização,"Educação Infantil, Ensino Fundamental, Ensino Médio",-23.9698196,-46.3699862,ITARARE
ESCOLA ATENDE EXCLUSIVAMENTE ALUNOS COM DEFICIÊNCIA,APAE DE SAO VICENTE ESCOLA DE EDUCACAO ESPECIAL,Privada,"FELICIANA MARCONDES DA SILVA, 205 RUA. VILA CASCATINHA. 11390-220 São Vicente - SP.",(13) 34673991,Entre 51 e 200 matrículas de escolarização,Ensino Fundamental,-23.9618542,-46.3828481,VILA CASCATINHA
ESCOLA EM FUNCIONAMENTO E SEM RESTRIÇÃO DE ATENDIMENTO,INTEGRACAO COLEGIO UNIDADE II,Privada,"AGUIAR CAPITAOMOR, 572 AVENIDA. CENTRO. 11310-200 São Vicente - SP.",(13) 35698100,Entre 501 e 1000 matrículas de escolarização,"Educação Infantil, Ensino Fundamental, Ensino Médio",-23.96632765,-46.39164985,CENTRO
ESCOLA EM FUNCIONAMENTO E SEM RESTRIÇÃO DE ATENDIMENTO,NASCIMENTO COLEGIO,Privada,"COSTA REGO, 50 RUA. VILA SAO JORGE. 11380-140 São Vicente - SP.",(13) 35615642,Entre 201 e 500 matrículas de escolarização,"Educação Infantil, Ensino Fundamental",-23.9547447,-46.3742159,VILA SAO JORGE
ESCOLA EM FUNCIONAMENTO E SEM RESTRIÇÃO DE ATENDIMENTO,LIDER COLEGIO,Privada,"TAMBAU, 123 133. VILA NOSSA SENHORA DE FATIMA. 11355-030 São Vicente - SP.",(13) 34648157,Entre 201 e 500 matrículas de escolarização,"Educação Infantil, Ensino Fundamental, Ensino Médio",-23.9543072,-46.4065133,VILA NOSSA SENHORA DE FATIMA
ESCOLA EM FUNCIONAMENTO E SEM RESTRIÇÃO DE ATENDIMENTO,APOIO COLEGIO,Privada,"ANTONIO DOS SANTOS BARBOSA, 283 RUA. CIDADE NAUTICA. 11340-320 São Vicente - SP.",(13) 34648361,Entre 201 e 500 matrículas de escolarização,"Educação Infantil, Ensino Fundamental",-23.9543502,-46.4116252,CIDADE NAUTICA
ESCOLA EM FUNCIONAMENTO E SEM RESTRIÇÃO DE ATENDIMENTO,FORTEC ESCOLA TECNICA UNID IV,Privada,"WILSON PRESIDENTE, 1013 AVENIDA. ITARARE. 11320-001 São Vicente - SP.",(13) 35692525,Mais de 1000 matrículas de escolarização,"Ensino Fundamental, Ensino Médio, Educação Profissional",-23.967344,-46.3782042,ITARARE
ESCOLA EM FUNCIONAMENTO E SEM RESTRIÇÃO DE ATENDIMENTO,CASTELINHO CENTRO DE EDUCACAO,Privada,"JOSE MONTEIRO PREFEITO, 3341 AVENIDA. JARDIM INDEPENDENCIA. 11380-001 São Vicente - SP.",(13) 35613905,Entre 51 e 200 matrículas de escolarização,Educação Infantil,-23.9611846,-46.3763905,JARDIM INDEPENDENCIA
ESCOLA EM FUNCIONAMENTO E SEM RESTRIÇÃO DE ATENDIMENTO,CORACAOZINHO II ESCOLA DE EDUCACAO INFANTIL,Privada,"MONTEIRO LOBATO, 190 AVENIDA. VILA VALENCA. 11380-500 São Vicente - SP.",(13) 34695936,Entre 51 e 200 matrículas de escolarização,Educação Infantil,-23.96561,-46.37253,VILA VALENCA
ESCOLA EM FUNCIONAMENTO E SEM RESTRIÇÃO DE ATENDIMENTO,SANTA MARGARIDA NUCLEO DE RECREACAO INFANTIL,Privada,"VEREADOR JOSE VICENTE DE BARROS, 41 RUA. VILA MARGARIDA. 11330-560 São Vicente - SP.",(13) 34624108,Até 50 matrículas de escolarização,Educação Infantil,-23.96880083,-46.40244637,VILA MARGARIDA
ESCOLA EM FUNCIONAMENTO E SEM RESTRIÇÃO DE ATENDIMENTO,BRANCA DE NEVE ESCOLA DE EDUCACAO INFANTIL,Privada,"MANUEL COVAS RAIA, 389 RUA. VILA SAO JORGE. 11380-070 São Vicente - SP.",(13) 35611712,Até 50 matrículas de escolarização,Educação Infantil,-23.95528,-46.37042,VILA SAO JORGE
ESCOLA EM FUNCIONAMENTO E SEM RESTRIÇÃO DE ATENDIMENTO,LAR DE ASSISTENCIA AO MENOR,Privada,"NICOLAU PATRICIO MOREIRA, 225 RUA. ESPLANADA DOS BARREIROS. 11340-380 São Vicente - SP.",(13) 34643373,Entre 51 e 200 matrículas de escolarização,Educação Infantil,-23.9532628,-46.415752,ESPLANADA DOS BARREIROS
ESCOLA PARALISADA,NOSSA SENHORA DE FATIMA CRECHE MUNICIPAL,Privada,"STELIO MACHADO LOUREIRO, 66 RUA. VILA NOSSA SENHORA DE FATIMA. 11355-240 São Vicente - SP.",(13) 34642627,,,-23.9555476,-46.4048457,VILA NOSSA SENHORA DE FATIMA
ESCOLA EM FUNCIONAMENTO E SEM RESTRIÇÃO DE ATENDIMENTO,SONHO DA CRIANCA CRECHE MUNICIPAL,Privada,"VALE DO PO, 768 VILA MARGARIDA. 11330-670 São Vicente - SP.",(13) 34649897,Entre 51 e 200 matrículas de escolarização,Educação Infantil,-23.9669402,-46.4074435,VILA MARGARIDA
ESCOLA EM FUNCIONAMENTO E SEM RESTRIÇÃO DE ATENDIMENTO,CAMINHOS DO SABER COLEGIO,Privada,"R PIO XII, 126 QUADRA 4 LOTE 18 E 1. ESP BARREIROS. 11340-080 São Vicente - SP.",(13) 34699282,Entre 201 e 500 matrículas de escolarização,"Educação Infantil, Ensino Fundamental",-23.9598957,-46.401741,ESPLANADA DOS BARREIROS
ESCOLA EM FUNCIONAMENTO E SEM RESTRIÇÃO DE ATENDIMENTO,UNIDADE EDUCACIONAL MATTEO BEI II,Pública Municipal,"FREI GASPAR, 2236 RUA. PARQUE SAO VICENTE. 11340-000 São Vicente - SP.",(13) 34678339,Entre 201 e 500 matrículas de escolarização,Educação Infantil,-23.9591787,-46.3991894,PARQUE SAO VICENTE
ESCOLA EM FUNCIONAMENTO E SEM RESTRIÇÃO DE ATENDIMENTO,CARINHOSO NUCLEO INFANTIL DE CONVIVENCIA,Privada,"CAPITAO M. AGUIAR CAPITAOMOR, 393 AVENIDA. CENTRO. 11310-200 São Vicente - SP.",(13) 34686056,Até 50 matrículas de escolarização,Educação Infantil,-23.96786,-46.39181,CENTRO
ESCOLA EM FUNCIONAMENTO E SEM RESTRIÇÃO DE ATENDIMENTO,MAROTYNHO INSTITUTO EDUCACIONAL INFANTIL,Privada,"PREFEITO JOSE MONTEIRO, 56 AVENIDA. VILA VALENCA. 11380-000 São Vicente - SP.",(13) 34698152,Até 50 matrículas de escolarização,Educação Infantil,-23.96126,-46.37657,VILA VALENCA
ESCOLA EM FUNCIONAMENTO E SEM RESTRIÇÃO DE ATENDIMENTO,UNIDADE EDUCACIONAL RAUL ROCHA DO AMARAL,Pública Municipal,"BELO HORIZONTE, 273 RUA. JARDIM IRMA DOLORES. 11347-750 São Vicente - SP.",(13) 35661060,Mais de 1000 matrículas de escolarização,"Ensino Fundamental, Educação de Jovens Adultos",-23.982047,-46.4534113,JARDIM IRMA DOLORES
ESCOLA EM FUNCIONAMENTO E SEM RESTRIÇÃO DE ATENDIMENTO,UNIDADE EDUCACIONAL AUGUSTO DE SAINT HILAIRE,Pública Municipal,"MARTINS FONTES, 1000 AVENIDA. CATIAPOA. 11390-200 São Vicente - SP.",(13) 34682924,Entre 201 e 500 matrículas de escolarização,"Educação Infantil, Ensino Fundamental",-23.9620247,-46.3918101,CATIAPOA
ESCOLA EM FUNCIONAMENTO E SEM RESTRIÇÃO DE ATENDIMENTO,UNIDADE EDUCACIONAL PROF CONSTANTE LUCIANO CLEMENTE HOULMONT,Pública Municipal,"ANTONIO EMMERICK, 504 AVENIDA. VILA CASCATINHA. 11390-000 São Vicente - SP.",(13) 34682929,Entre 201 e 500 matrículas de escolarização,Ensino Fundamental,-23.9616099,-46.3780126,VILA CASCATINHA
ESCOLA EM FUNCIONAMENTO E SEM RESTRIÇÃO DE ATENDIMENTO,UNIDADE EDUCACIONAL PROFESSOR JACOB ANDRADE CAMARA,Pública Municipal,"STELIO MACHADO LOUREIRO, 1071 RUA. CIDADE NAUTICA. 11355-240 São Vicente - SP.",(13) 34641784,Entre 501 e 1000 matrículas de escolarização,Ensino Fundamental,-23.946888,-46.4062647,CIDADE NAUTICA
ESCOLA EM FUNCIONAMENTO E SEM RESTRIÇÃO DE ATENDIMENTO,UNIDADE EDUCACIONAL PROFESSORA LEONOR GUIMARAES ALVES STOFFEL,Pública Municipal,"OEIRAS, SN RUA. SAMARITA. 11345-030 São Vicente - SP.",(13) 35760268,Entre 201 e 500 matrículas de escolarização,Ensino Fundamental,-23.9902694,-46.4762827,SAMARITA
ESCOLA EM FUNCIONAMENTO E SEM RESTRIÇÃO DE ATENDIMENTO,UNIDADE EDUCACIONAL MANOEL NASCIMENTO JUNIOR,Pública Municipal,"ROBERTO KOCK, 300 RUA. VILA JOCKEI CLUBE. 11360-190 São Vicente - SP.",(13) 34644525,Mais de 1000 matrículas de escolarização,"Educação Infantil, Ensino Fundamental, Educação de Jovens Adultos",-23.944009,-46.39953,VILA JOQUEI CLUBE
ESCOLA EM FUNCIONAMENTO E SEM RESTRIÇÃO DE ATENDIMENTO,UNIDADE EDUCACIONAL PROFESSOR OCTAVIO DE CESARE,Pública Municipal,"TENENTE DURVAL DO AMARAL, 183 RUA. CATIAPOA. 11390-300 São Vicente - SP.",(13) 34681938,Entre 201 e 500 matrículas de escolarização,Ensino Fundamental,-23.9611229,-46.3859167,CATIAPOA
ESCOLA EM FUNCIONAMENTO E SEM RESTRIÇÃO DE ATENDIMENTO,UNIDADE EDUCACIONAL UNIAO CIVICA FEMININA,Pública Municipal,"RUI BARBOSA, SN PRACA. PARQUE SAO VICENTE. 11360-040 São Vicente - SP.",(13) 34672634,Entre 501 e 1000 matrículas de escolarização,"Educação Infantil, Ensino Fundamental, Educação de Jovens Adultos",-23.9556691,-46.3991328,PARQUE SAO VICENTE
ESCOLA EM FUNCIONAMENTO E SEM RESTRIÇÃO DE ATENDIMENTO,UNIDADE EDUCACIONAL PREFEITO SEBASTIAO RIBEIRO DA SILVA,Pública Municipal,"QUIRINO MARIO BIASOLI, 90 RUA. CIDADE NAUTICA. 11350-440 São Vicente - SP.",(13) 34636347,Entre 501 e 1000 matrículas de escolarização,"Educação Infantil, Ensino Fundamental, Educação de Jovens Adultos",-23.9398491,-46.4181378,CIDADE NAUTICA
ESCOLA EM FUNCIONAMENTO E SEM RESTRIÇÃO DE ATENDIMENTO,UNIDADE EDUCACIONAL FRANCISCO MARTINS DOS SANTOS,Pública Municipal,"DONALD ALEXANDRE KEALMAN DOUTOR, 255 RUA. JARDIM RIO BRANCO. 11347-040 São Vicente - SP.",(13) 35663577,Mais de 1000 matrículas de escolarização,"Ensino Fundamental, Educação de Jovens Adultos",-23.9774028,-46.4785624,JARDIM RIO BRANCO
ESCOLA EM FUNCIONAMENTO E SEM RESTRIÇÃO DE ATENDIMENTO,UNIDADE EDUCACIONAL PREFEITO JORGE BIERRENBACH SENRA,Pública Municipal,"LUIZ FERREIRA MORGADO, 1783 RUA. JARDIM RIO BRANCO. 11347-210 São Vicente - SP.",(13) 35660146,Mais de 1000 matrículas de escolarização,"Ensino Fundamental, Educação de Jovens Adultos",-23.9847787,-46.4647343,JARDIM RIO BRANCO
ESCOLA EM FUNCIONAMENTO E SEM RESTRIÇÃO DE ATENDIMENTO,UNIDADE EDUCACIONAL PREFEITO JONAS RODRIGUES,Pública Municipal,"ALEXANDRE SENDIM, 304 RUA. PARQUE BITARU. 11330-420 São Vicente - SP.",(13) 34676024,Entre 501 e 1000 matrículas de escolarização,"Educação Infantil, Ensino Fundamental",-23.9747474,-46.3981686,PARQUE BITARU
ESCOLA EM FUNCIONAMENTO E SEM RESTRIÇÃO DE ATENDIMENTO,UNIDADE EDUCACIONAL SAULO TARSO MARQUES DE MELLO,Pública Municipal,"DOZE, 140 RUA. PARQUE CONTINENTAL. 11348-390 São Vicente - SP.",(13) 34064593,Mais de 1000 matrículas de escolarização,"Educação Infantil, Ensino Fundamental, Educação de Jovens Adultos",-23.9566059,-46.4580674,PARQUE CONTINENTAL
ESCOLA EM FUNCIONAMENTO E SEM RESTRIÇÃO DE ATENDIMENTO,UNIDADE EDUCACIONAL VILA JOQUEI,Pública Municipal,"FERNANDO FERRARI, SN RUA. VILA JOCKEI CLUBE. 11360-360 São Vicente - SP.",(13) 34634710,Entre 51 e 200 matrículas de escolarização,Educação Infantil,-23.9417604,-46.402405,VILA JOQUEI CLUBE
ESCOLA EM FUNCIONAMENTO E SEM RESTRIÇÃO DE ATENDIMENTO,UNIDADE EDUCACIONAL PROFESSORA REGINA CELIA DOS SANTOS,Pública Municipal,"DE VISCONDE TAMANDARE, 385 AVENIDA. CENTRO. 11310-441 São Vicente - SP.",(13) 35767721,Entre 201 e 500 matrículas de escolarização,Educação Infantil,-23.9660891,-46.39018,CENTRO
ESCOLA ATENDE EXCLUSIVAMENTE ALUNOS COM DEFICIÊNCIA,UNIDADE EDUCACIONAL ANA LUCIA ALMEIDA DE OLIVEIRA,Pública Municipal,"JOAO FRANCISCO BENSDORP, 201 AVENIDA. CIDADE NAUTICA. 11350-010 São Vicente - SP.",(13) 34624924,Entre 201 e 500 matrículas de escolarização,Ensino Fundamental,-23.95536,-46.410212,CIDADE NAUTICA
ESCOLA EM FUNCIONAMENTO E SEM RESTRIÇÃO DE ATENDIMENTO,UNIDADE EDUCACIONAL PROFESSORA VERA LUCIA MACHADO MASSIS,Pública Municipal,"JOAO FRANCISCO BENSDORP, 1381 AVENIDA. CIDADE NAUTICA. 11350-011 São Vicente - SP.",(13) 34639166,Entre 201 e 500 matrículas de escolarização,Ensino Fundamental,-23.9467563,-46.4167258,CIDADE NAUTICA
ESCOLA PARALISADA,PAULA LOURENCO DE OLIVEIRA CRECHE MUNICIPAL,Pública Municipal,"RUA LIBANIA DE LIMA CROOCK, 844 RUA. VILA MARGARIDA. 11335-050 São Vicente - SP.",(13) 34630292,,,-23.9655817,-46.4090191,VILA MARGARIDA
ESCOLA EM FUNCIONAMENTO E SEM RESTRIÇÃO DE ATENDIMENTO,TIO JOSE CRECHE MUNICIPAL,Pública Municipal,"OITO, 240 RUA. VILA MARGARIDA. 11330-380 São Vicente - SP.",(13) 34630245,Entre 51 e 200 matrículas de escolarização,Educação Infantil,-23.9731244,-46.4075119,VILA MARGARIDA
ESCOLA PARALISADA,PASTORIL CRECHE MUNICIPAL,Pública Municipal,"RUA SAO MIGUEL DOS CAMPOS, 173 RUA. JARDIM NOSSO LAR. 11370-440 São Vicente - SP.",(13) 34670689,,,-23.9509605,-46.3871484,JARDIM NOSSO LAR
ESCOLA EM FUNCIONAMENTO E SEM RESTRIÇÃO DE ATENDIMENTO,CRIANCA ESPERANCA CRECHE MUNICIPAL,Pública Municipal,"VINTE E DOIS, 120 RUA. JARDIM RIO BRANCO. 11347-080 São Vicente - SP.",(13) 35760355,Entre 51 e 200 matrículas de escolarização,Educação Infantil,-23.9750069,-46.4772504,JARDIM RIO BRANCO
ESCOLA PARALISADA,ISIDORO MENDES INSTITUTO GLAID SENA CRECHE MUNICIPAL,Pública Municipal,"DOUTOR ALCIDES DE ARAUJO, 25 VILA CASCATINHA. 11370-200 São Vicente - SP.",(13) 35610283,,,-23.9614471,-46.3838512,VILA CASCATINHA
ESCOLA EM FUNCIONAMENTO E SEM RESTRIÇÃO DE ATENDIMENTO,NOVA ESPERANCA CRECHE MUNICIPAL,Pública Municipal,"CINCO, 351 RUA. JARDIM QUARENTENARIO. 11347-460 São Vicente - SP.",(13) 35760329,Entre 51 e 200 matrículas de escolarização,Educação Infantil,-23.9803884,-46.4603493,JARDIM QUARENTENARIO
ESCOLA EM FUNCIONAMENTO E SEM RESTRIÇÃO DE ATENDIMENTO,MARIA JOSEFA DA SILVA CRECHE MUNICIPAL,Pública Municipal,"SENADOR SALGADO FILHO, 1040 AVENIDA. VILA JOQUEI CLUBE. 11360-200 São Vicente - SP.",(13) 34630519,Entre 51 e 200 matrículas de escolarização,Educação Infantil,-23.942471,-46.3959859,VILA JOQUEI CLUBE
ESCOLA EM FUNCIONAMENTO E SEM RESTRIÇÃO DE ATENDIMENTO,ONDINA MARQUES DE MELO CRECHE MUNICIPAL,Pública Municipal,"PADRE ANDRE SOVERAL, SN RUA. VILA EMA. 11345-310 São Vicente - SP.",(13) 35760316,Entre 51 e 200 matrículas de escolarização,Educação Infantil,-23.9930787,-46.4906514,VILA EMA
ESCOLA EM FUNCIONAMENTO E SEM RESTRIÇÃO DE ATENDIMENTO,SANTA TEREZINHA CRECHE MUNICIPAL,Pública Municipal,"BRASILIA, 30 AVENIDA. JARDIM IRMA DOLORES. 11347-550 São Vicente - SP.",(13) 35760234,Entre 201 e 500 matrículas de escolarização,Educação Infantil,-23.9801338,-46.4533914,JARDIM IRMA DOLORES
ESCOLA PARALISADA,LUIZ GONZAGA OLIVEIRA GOMES CRECHE MUNICIPAL,Pública Municipal,"PAULO HORCEL, 251 263. JAPUI. 11325-100 São Vicente - SP.",(13) 35670206,,,-23.98871,-46.3941201,JAPUI
ESCOLA EM FUNCIONAMENTO E SEM RESTRIÇÃO DE ATENDIMENTO,VOVO RAIMUNDO CRECHE MUNICIPAL,Pública Municipal,"CAPITAO ANTAO DE MOURA, 47 RUA. PARQUE BITARU. 11330-100 São Vicente - SP.",(13) 34660427,Entre 51 e 200 matrículas de escolarização,Educação Infantil,-23.9712024,-46.3942663,PARQUE BITARU
ESCOLA PARALISADA,JUDITH CUNHA AMORIM CRECHE MUNICIPAL,Pública Municipal,"RUA MIGUEL PASQUARELLI, 267 RUA. ESPLANADA DOS BARREIROS. 11340-360 São Vicente - SP.",(13) 34630595,,,-23.9536826,-46.4148289,ESPLANADA DOS BARREIROS
ESCOLA PARALISADA,ALEXANDER DE SOUZA BARREIRA CRECHE MUNICIPAL,Pública Municipal,"FRANCISCO XAVIER DOS PASSOS, 43 RUA. VILA SAO JORGE. 11380-040 São Vicente - SP.",(13) 35610364,,,-23.9587956,-46.3733857,VILA SAO JORGE
ESCOLA PARALISADA,MENINO JESUS CRECHE MUNICIPAL,Pública Municipal,"ALVARO TREVISAN, 185 VILA NOVA SAO VICENTE. 11346-340 São Vicente - SP.",(13) 35760284,,,-23.9897059,-46.48799,VILA NOVA SAO VICENTE
ESCOLA EM FUNCIONAMENTO E SEM RESTRIÇÃO DE ATENDIMENTO,UNIDADE EDUCACIONAL ERCILIA NOGUEIRA COBRA,Pública Municipal,"VALE DO PO, 400 RUA. VILA MARGARIDA. 11330-670 São Vicente - SP.",(13) 34645146,Mais de 1000 matrículas de escolarização,"Educação Infantil, Ensino Fundamental, Educação de Jovens Adultos",-23.9696966,-46.4049972,VILA MARGARIDA
ESCOLA EM FUNCIONAMENTO E SEM RESTRIÇÃO DE ATENDIMENTO,CIRCUITO ESCOLA TECNICA NA AREA DA SAUDE,Privada,"GASPAR FREI, 2450 RUA. PARQUE SAO VICENTE. 11340-000 São Vicente - SP.",(13) 34661000,Entre 501 e 1000 matrículas de escolarização,Educação Profissional,-23.9581216,-46.4010952,PARQUE SAO VICENTE
ESCOLA EM FUNCIONAMENTO E SEM RESTRIÇÃO DE ATENDIMENTO,CMEJA DE SAO VICENTE CEJAIN,Pública Municipal,"CAPITAOMOR AGUIAR, 798 CENTRO. 11310-200 São Vicente - SP.",(13) 34695470,Entre 201 e 500 matrículas de escolarização,Educação de Jovens Adultos,-23.96437,-46.39122,CENTRO
ESCOLA PARALISADA,CMEJA DE SAO VICENTE CEJACON,Pública Municipal,"QUARENTENARIO, 1001 JARDIM IRMA DOLORES. 11347-520 São Vicente - SP.",(13) 35763380,,,-23.9842,-46.46252,JARDIM IRMA DOLORES
ESCOLA PARALISADA,TIC TAC CRECHE MUNICIPAL,Pública Municipal,"ALESSANDRIA, 5 RUA. VILA MARGARIDA. 11330-630 São Vicente - SP.",(13) 34620256,,,-23.9666957,-46.4018259,VILA MARGARIDA
ESCOLA EM FUNCIONAMENTO E SEM RESTRIÇÃO DE ATENDIMENTO,EL SHADAY CRECHE MUNICIPAL,Pública Municipal,"TAMOIOS, 149 RUA. PARQUE SAO VICENTE. 11360-070 São Vicente - SP.",(13) 34660399,Entre 51 e 200 matrículas de escolarização,Educação Infantil,-23.9571176,-46.4004245,PARQUE SAO VICENTE
ESCOLA PARALISADA,ZEZE MASSUNO PROFA CRECHE MUNICIPAL COMUNITARIA,Pública Municipal,"FREI GASPAR, 4237 RUA. CIDADE NAUTICA. 11350-000 São Vicente - SP.",(13) 34630709,,,-23.9478082,-46.4137275,CIDADE NAUTICA
ESCOLA PARALISADA,HEBERT DE SOUZA CRECHE MUNICIPAL BETINHO,Pública Municipal,"TREZE, 70 RUA. VILA MATIAS. 11345-270 São Vicente - SP.",(13) 35670267,,,-23.9897629,-46.4915425,VILA MATIAS
ESCOLA EM FUNCIONAMENTO E SEM RESTRIÇÃO DE ATENDIMENTO,ANTONIO FERNANDO DOS REIS PREF CRECHE MUNICIPAL,Pública Municipal,"VINTE E DOIS DE JANEIRO, 630 CENTRO. 11310-090 São Vicente - SP.",,Entre 51 e 200 matrículas de escolarização,Educação Infantil,-23.9666121,-46.3932471,CENTRO
ESCOLA EM FUNCIONAMENTO E SEM RESTRIÇÃO DE ATENDIMENTO,UNIDADE EDUCACIONAL ANTONIO PACIFICO,Pública Municipal,"ANADIR DIAS DE CARVALHO, 438 RUA. VILA JOCKEI CLUBE. 11360-400 São Vicente - SP.",(13) 34646586,Mais de 1000 matrículas de escolarização,"Educação Infantil, Ensino Fundamental, Educação de Jovens Adultos",-23.9391079,-46.3968223,VILA JOQUEI CLUBE
ESCOLA EM FUNCIONAMENTO E SEM RESTRIÇÃO DE ATENDIMENTO,UNIDADE EDUCACIONAL ARMINDO RAMOS,Pública Municipal,"SERGIPE, 131 RUA. SAMARITA. 11345-050 São Vicente - SP.",(13) 35661165,Entre 501 e 1000 matrículas de escolarização,"Ensino Fundamental, Educação de Jovens Adultos",-23.9911652,-46.477164,SAMARITA
ESCOLA EM FUNCIONAMENTO E SEM RESTRIÇÃO DE ATENDIMENTO,UNIDADE EDUCACIONAL PROFESSOR GILSON KOOL MONTEIRO,Pública Municipal,"RIVALDO DE LIMA FERREIRA, SN VILA MATIAS. 11345-290 São Vicente - SP.",(13) 35662717,Entre 501 e 1000 matrículas de escolarização,"Educação Infantil, Ensino Fundamental",-23.9891701,-46.4922337,VILA MATIAS
ESCOLA EM FUNCIONAMENTO E SEM RESTRIÇÃO DE ATENDIMENTO,UNIDADE EDUCACIONAL PASTOR JOAQUIM RODRIGUES DA SILVA,Pública Municipal,"JOAO FRANCISCO BENSDORF, 301 CIDADE NAUTICA. 11350-010 São Vicente - SP.",(13) 34642173,Entre 501 e 1000 matrículas de escolarização,Ensino Fundamental,-23.9547723,-46.4107385,CIDADE NAUTICA
ESCOLA EM FUNCIONAMENTO E SEM RESTRIÇÃO DE ATENDIMENTO,UNIDADE EDUCACIONAL PROFESSORA LAURA FILGUEIRAS,Pública Municipal,"MARECHAL EUCLIDES ZENOBIO DA COSTA, 75 RUA. VILA MATEO BEI. 11335-330 São Vicente - SP.",(13) 34631420,Mais de 1000 matrículas de escolarização,Ensino Fundamental,-23.961664,-46.4070049,VILA MATEO BEI
ESCOLA EM FUNCIONAMENTO E SEM RESTRIÇÃO DE ATENDIMENTO,UNIDADE EDUCACIONAL PROFESSOR LUCIO MARTINS RODRIGUES,Pública Municipal,"ODAIR MULLER DE AZEVEDO MARQUES, 434 RUA. VILA MARGARIDA. 11330-690 São Vicente - SP.",(13) 34646289,Mais de 1000 matrículas de escolarização,Ensino Fundamental,-23.968206,-46.4093173,VILA MARGARIDA
ESCOLA EM FUNCIONAMENTO E SEM RESTRIÇÃO DE ATENDIMENTO,UNIDADE EDUCACIONAL PROFESSOR LUIZ PINHO DE CARVALHO FILHO,Pública Municipal,"DOUTOR JOSE SINGER, 369 RUA. CONJUNTO RESIDENCIAL HUMAITA. 11349-020 São Vicente - SP.",(13) 34662298,Entre 501 e 1000 matrículas de escolarização,Ensino Fundamental,-23.9485044,-46.4611603,CONJUNTO RESIDENCIAL HUMAITA
ESCOLA EM FUNCIONAMENTO E SEM RESTRIÇÃO DE ATENDIMENTO,UNIDADE EDUCACIONAL PROFESSOR RENAN ALVES LEITE,Pública Municipal,"DOUTOR ALCIDES DE ARAUJO, 1030 AVENIDA. JARDIM PARAISO. 11370-200 São Vicente - SP.",(13) 35613211,Entre 501 e 1000 matrículas de escolarização,"Ensino Fundamental, Educação de Jovens Adultos",-23.9526488,-46.3836385,JARDIM PARAISO
ESCOLA EM FUNCIONAMENTO E SEM RESTRIÇÃO DE ATENDIMENTO,UNIDADE EDUCACIONAL PREFEITO JOSE MEIRELLES,Pública Municipal,"TUPA, 345 RUA. QUARENTENARIO. 11347-030 São Vicente - SP.",(13) 35768396,Mais de 1000 matrículas de escolarização,"Educação Infantil, Ensino Fundamental",-23.9775444,-46.4566911,JARDIM QUARENTENARIO
ESCOLA EM FUNCIONAMENTO E SEM RESTRIÇÃO DE ATENDIMENTO,UNIDADE EDUCACIONAL PREFEITO ANTONIO FERNANDO DOS REIS,Pública Municipal,"JUIZ DE FORA, 90 AVENIDA. VILA VOTURUA. 11380-420 São Vicente - SP.",(13) 35617722,Entre 501 e 1000 matrículas de escolarização,"Educação Infantil, Ensino Fundamental",-23.9624877,-46.3695272,VILA VOTURUA
ESCOLA EM FUNCIONAMENTO E SEM RESTRIÇÃO DE ATENDIMENTO,UNIDADE EDUCACIONAL PREFEITO LUIZ BENEDITINO FERREIRA,Pública Municipal,"DOUTOR POLYDORO DE OLIVEIRA BITTENCOURT, 333 RUA. VILA MARGARIDA. 11330-570 São Vicente - SP.",(13) 34611030,Entre 501 e 1000 matrículas de escolarização,"Educação Infantil, Ensino Fundamental",-23.9674564,-46.4021862,VILA MARGARIDA
ESCOLA EM FUNCIONAMENTO E SEM RESTRIÇÃO DE ATENDIMENTO,UNIDADE EDUCACIONAL NOSSA SENHORA DA ESPERANCA,Pública Municipal,"SALVADOR, 30 RUA. JARDIM IRMA DOLORES. 11347-725 São Vicente - SP.",(13) 35761080,Entre 201 e 500 matrículas de escolarização,Educação Infantil,-23.9799378,-46.4526209,JARDIM IRMA DOLORES
ESCOLA EM FUNCIONAMENTO E SEM RESTRIÇÃO DE ATENDIMENTO,GERALDA ERNESTINA DA SILVA CRECHE MUNICIPAL,Pública Municipal,"OSWALDO TOSCHI VEREADOR, 2975 AVENIDA. VILA JOCKEI CLUBE. 11360-080 São Vicente - SP.",(13) 34630509,Entre 51 e 200 matrículas de escolarização,Educação Infantil,-23.9405093,-46.3927334,VILA JOQUEI CLUBE
ESCOLA EM FUNCIONAMENTO E SEM RESTRIÇÃO DE ATENDIMENTO,VOVO VITALINO SOARES CRECHE MUNICIPAL,Pública Municipal,"JEQUIE, 1840 RUA. JARDIM RIO NEGRO. 11347-400 São Vicente - SP.",(13) 35760319,Entre 51 e 200 matrículas de escolarização,Educação Infantil,-23.9830369,-46.4588414,JARDIM RIO NEGRO
ESCOLA PARALISADA,REGINA APARECIDA SILVA NASCIMENTO TIA CRECHE MUNICIPAL,Pública Municipal,"RUA RIO CLARO, 80 JARDIM IRMA DOLORES. 11347-715 São Vicente - SP.",(13) 35760353,,,-23.98266387,-46.45246451,JARDIM IRMA DOLORES
ESCOLA EM FUNCIONAMENTO E SEM RESTRIÇÃO DE ATENDIMENTO,UNIDADE EDUCACIONAL MAURO APARECIDO DE GODOY,Pública Municipal,"GRANDE ORIENTE DO BRASIL, 3 PRACA. JARDIM POMPEBA. 11355-165 São Vicente - SP.",(13) 34622686,Entre 51 e 200 matrículas de escolarização,Ensino Fundamental,-23.9403713,-46.4050676,JARDIM POMPEBA
ESCOLA EM FUNCIONAMENTO E SEM RESTRIÇÃO DE ATENDIMENTO,ALICERCE CENTRO EDUCACIONAL,Privada,"ANITA COSTA DONA, 88 RUA. VILA VOTURUA. 11380-300 São Vicente - SP.",(13) 33268781,Entre 51 e 200 matrículas de escolarização,Ensino Fundamental,-23.9605858,-46.375594,VILA VOTURUA
ESCOLA EM FUNCIONAMENTO E SEM RESTRIÇÃO DE ATENDIMENTO,OBJETIVO DO LITORAL CENTRO EDUCACIONAL UNIDADE VIII,Privada,"WILSON PRESIDENTE, 424 AVENIDA. CENTRO. 11320-000 São Vicente - SP.",(13) 35691919,Entre 201 e 500 matrículas de escolarização,"Educação Infantil, Ensino Fundamental, Ensino Médio",-23.9698168,-46.3730621,CENTRO
ESCOLA EM FUNCIONAMENTO E SEM RESTRIÇÃO DE ATENDIMENTO,BRINCANDO E APRENDENDO COLEGIO,Privada,"FLORIVAL ALVES DA SILVA, 500 RUA. PARQUE DAS BANDEIRAS. 11346-170 São Vicente - SP.",(13) 35761780,Entre 51 e 200 matrículas de escolarização,"Educação Infantil, Ensino Fundamental",-23.9791,-46.49291,PARQUE DAS BANDEIRAS
ESCOLA EM FUNCIONAMENTO E SEM RESTRIÇÃO DE ATENDIMENTO,LUIZ JUNIOR COLEGIO,Privada,"ANTONIO RISCALLE HUSNE, 923 RUA. JARDIM RIO BRANCO. 11347-020 São Vicente - SP.",(13) 35661347,Entre 201 e 500 matrículas de escolarização,"Educação Infantil, Ensino Fundamental, Ensino Médio",-23.9793225,-46.4702712,JARDIM RIO BRANCO
ESCOLA EM FUNCIONAMENTO E SEM RESTRIÇÃO DE ATENDIMENTO,PRIMO CHARLES COLEGIO,Privada,"PEDRO II DOM, 993 AVENIDA. CIDADE NAUTICA. 11350-100 São Vicente - SP.",(13) 34646937,Até 50 matrículas de escolarização,"Educação Infantil, Ensino Fundamental",-23.9430084,-46.4152864,CIDADE NAUTICA
ESCOLA EM FUNCIONAMENTO E SEM RESTRIÇÃO DE ATENDIMENTO,CRECHE MUNICIPAL CANTINHO DO ZEZINHO II,Pública Municipal,"SALGADO FILHO SENADOR, 637 AVENIDA. PARQUE SAO VICENTE. 11360-200 São Vicente - SP.",(13) 34646120,Entre 51 e 200 matrículas de escolarização,Educação Infantil,-23.9461184,-46.3974448,PARQUE SAO VICENTE
ESCOLA EM FUNCIONAMENTO E SEM RESTRIÇÃO DE ATENDIMENTO,EVOLUCOES COLEGIO,Privada,"ESMERALDO SOARES TARQUINIO DE CAMPOS FILHO DOUTOR, 765 AVENIDA. PARQUE DAS BANDEIRAS. 11346-000 São Vicente - SP.",(13) 35662295,Entre 51 e 200 matrículas de escolarização,"Educação Infantil, Ensino Fundamental",-23.9865239,-46.4817897,PARQUE DAS BANDEIRAS
ESCOLA PARALISADA,KAYK NASCIMENTO DA SILVA CRECHE MUNICIPAL COMUNITARIA,Pública Municipal,"QUIRINO MARIO BIASOLI, 98 RUA. CONJUNTO RESIDENCIAL TANCREDO NEVES. 11350-440 São Vicente - SP.",(13) 34630223,,,-23.9397533,-46.4184286,CONJUNTO RESIDENCIAL TANCREDO NEVES
ESCOLA EM FUNCIONAMENTO E SEM RESTRIÇÃO DE ATENDIMENTO,ANDREA NOBREGA INSTITUTO EDUCACIONAL,Privada,"GOIAS, 730 JARDIM IRMA DOLORES. 11347-515 São Vicente - SP.",(13) 35661209,Entre 51 e 200 matrículas de escolarização,"Educação Infantil, Ensino Fundamental",-23.9807736,-46.4547032,JARDIM IRMA DOLORES
ESCOLA EM FUNCIONAMENTO E SEM RESTRIÇÃO DE ATENDIMENTO,ARTES E MANHAS ESCOLA,Privada,"JORGE SAO, 238 RUA. JARDIM INDEPENDENCIA. 11380-310 São Vicente - SP.",(13) 35615496,Entre 51 e 200 matrículas de escolarização,Educação Infantil,-23.9594536,-46.3739445,JARDIM INDEPENDENCIA
ESCOLA EM FUNCIONAMENTO E SEM RESTRIÇÃO DE ATENDIMENTO,GRUPO DA PRECE CRECHE MUNICIPAL COMUNITARIA,Pública Municipal,"TAMBAU, 1534 VILA NOSSA SENHORA DE FATIMA. 11355-030 São Vicente - SP.",(13) 34643679,Entre 51 e 200 matrículas de escolarização,Educação Infantil,-23.9418265,-46.4080503,VILA NOSSA SENHORA DE FATIMA
ESCOLA EM FUNCIONAMENTO E SEM RESTRIÇÃO DE ATENDIMENTO,CONSTRUINDO O FUTURO ESCOLA DE EDUCACAO INFANTIL,Privada,"CAIAMORE, 681 RUA. VILA MARGARIDA. 11335-010 São Vicente - SP.",(13) 34640522,Até 50 matrículas de escolarização,Educação Infantil,-23.96552675,-46.4047465,VILA MARGARIDA
ESCOLA EM FUNCIONAMENTO E SEM RESTRIÇÃO DE ATENDIMENTO,CANTINHO DO CEU CRECHE MUNICIPAL,Pública Municipal,"ATALIBA LEONEL, 358 RUA. CATIAPOA. 11370-450 São Vicente - SP.",(13) 30270430,Entre 51 e 200 matrículas de escolarização,Educação Infantil,-23.9524817,-46.3857584,CATIAPOA
ESCOLA EM FUNCIONAMENTO E SEM RESTRIÇÃO DE ATENDIMENTO,ETEC DOUTORA RUTH CARDOSO,Pública Estadual,"CORONEL LOPES, 387 PRACA. CENTRO. 11310-020 São Vicente - SP.",(13) 34672955,Entre 501 e 1000 matrículas de escolarização,"Ensino Médio, Educação Profissional",-23.9650745,-46.3835486,CENTRO
ESCOLA EM FUNCIONAMENTO E SEM RESTRIÇÃO DE ATENDIMENTO,RAIO DE SOL NUCLEO RECREATIVO INFANTIL,Privada,"SIMAO JAHJAH, 890 RUA. PARQUE DAS BANDEIRAS. 11346-200 São Vicente - SP.",(13) 35661797,Até 50 matrículas de escolarização,Educação Infantil,-23.98881313,-46.48269387,PARQUE DAS BANDEIRAS
ESCOLA PARALISADA,ANDREA NOBREGA INSTITUTO EDUCACIONAL,Privada,"RUA GOIAS, SAMARITA. 11345-000 São Vicente - SP.",(13) 35663716,,,-23.9905575,-46.4758194,SAMARITA
ESCOLA EM FUNCIONAMENTO E SEM RESTRIÇÃO DE ATENDIMENTO,LOBATO COLEGIO,Privada,"PERSIO DE QUEIROS FILHO, 614 AVENIDA. CATIAPOA. 11370-300 São Vicente - SP.",(13) 34692843,Entre 51 e 200 matrículas de escolarização,"Educação Infantil, Ensino Fundamental",-23.9579502,-46.3877068,CATIAPOA
ESCOLA EM FUNCIONAMENTO E SEM RESTRIÇÃO DE ATENDIMENTO,CARA PINTADA CENTRO DE RECREACAO INFANTIL,Privada,"DUARTE DA COSTA DOM, 858 RUA. VILA JOCKEI CLUBE. 11360-280 São Vicente - SP.",(13) 34646203,Até 50 matrículas de escolarização,Educação Infantil,-23.94941,-46.39795,VILA JOQUEI CLUBE
ESCOLA EM FUNCIONAMENTO E SEM RESTRIÇÃO DE ATENDIMENTO,CRUZ AZUL DE SAO PAULO COLEGIO,Privada,"RUI BARBOSA, 238 PRACA. PARQUE SAO VICENTE. 11360-040 São Vicente - SP.",(13) 34655520,Entre 201 e 500 matrículas de escolarização,"Ensino Fundamental, Ensino Médio",-23.9548238,-46.399564,PARQUE SAO VICENTE
ESCOLA EM FUNCIONAMENTO E SEM RESTRIÇÃO DE ATENDIMENTO,ALEGRIA DE VIVER ESCOLA,Privada,"SIRIA, 255 RUA. PARQUE BITARU. 11330-140 São Vicente - SP.",(13) 34668498,Até 50 matrículas de escolarização,Educação Infantil,-23.96994,-46.39659,PARQUE BITARU
ESCOLA EM FUNCIONAMENTO E SEM RESTRIÇÃO DE ATENDIMENTO,UNICO COLEGIO,Privada,"FRANCISCO DIAS JORGE, 745 RUA. CIDADE NAUTICA. 11350-270 São Vicente - SP.",(13) 34638942,Entre 51 e 200 matrículas de escolarização,"Educação Infantil, Ensino Fundamental",-23.9413592,-46.4115221,CIDADE NAUTICA
ESCOLA EM FUNCIONAMENTO E SEM RESTRIÇÃO DE ATENDIMENTO,MUNDO VERDE COLEGIO,Privada,"ANTONIO EMMERICH, 1373 VILA CASCATINHA. 11370-900 São Vicente - SP.",(13) 33711808,Entre 51 e 200 matrículas de escolarização,"Educação Infantil, Ensino Fundamental",-23.9597154,-46.3730844,VILA CASCATINHA
ESCOLA EM FUNCIONAMENTO E SEM RESTRIÇÃO DE ATENDIMENTO,PENITENCIARIA DOUTOR GERALDO DE ANDRADE VIEIRA I,Pública Estadual,"PADRE MANOEL DA NOBREGA KM 66, SN KM 66. SAMARITA. 11348-910 São Vicente - SP.",(13) 34061310,Entre 51 e 200 matrículas de escolarização,Educação de Jovens Adultos,-23.961559,-46.4703781,SAMARITA
ESCOLA EM FUNCIONAMENTO E SEM RESTRIÇÃO DE ATENDIMENTO,NAYLA AMOR A VIDA CRECHE COMUNITARIA,Privada,"DILSON MARONE, 25 RUA. CONJUNTO RESIDENCIAL TANCREDO NEVES. 11350-570 São Vicente - SP.",(13) 11350570,Entre 51 e 200 matrículas de escolarização,Educação Infantil,-23.9415033,-46.4191731,CONJUNTO RESIDENCIAL TANCREDO NEVES
ESCOLA EM FUNCIONAMENTO E SEM RESTRIÇÃO DE ATENDIMENTO,TURMINHA DA DISNEY ESCOLA DE EDUCACAO INFANTIL,Privada,"EMILIO JUSTO DEPUTADO, 202 RUA. CONJUNTO RESIDENCIAL HUMAITA. 11349-030 São Vicente - SP.",(13) 34060833,Até 50 matrículas de escolarização,Educação Infantil,-23.9488593,-46.4584351,CONJUNTO RESIDENCIAL HUMAITA
ESCOLA EM FUNCIONAMENTO E SEM RESTRIÇÃO DE ATENDIMENTO,CENTRO EDUCACIONAL SENINHA,Privada,"CINCO, 350 RUA. JARDIM IRMA DOLORES. 11347-460 São Vicente - SP.",(13) 997917481,Entre 51 e 200 matrículas de escolarização,"Educação Infantil, Ensino Fundamental",-23.98038531,-46.46006974,JARDIM IRMA DOLORES
ESCOLA EM FUNCIONAMENTO E SEM RESTRIÇÃO DE ATENDIMENTO,UNIDADE EDUCACIONAL MARIA ELIZABETH RAMOS DA SILVA,Pública Municipal,"UM, 135 RUA. SAMARITA. 11345-010 São Vicente - SP.",(13) 35760359,Entre 51 e 200 matrículas de escolarização,Educação Infantil,-23.9880561,-46.4687696,SAMARITA
ESCOLA EM FUNCIONAMENTO E SEM RESTRIÇÃO DE ATENDIMENTO,JOSEFA MARIA DE SOUZA CRECHE MUNICIPAL,Pública Municipal,"QUARENTA E CINCO, 710 PRACA. CONJUNTO RESIDENCIAL HUMAITA. 11349-210 São Vicente - SP.",(13) 35640264,Entre 51 e 200 matrículas de escolarização,Educação Infantil,-23.9518979,-46.4533393,CONJUNTO RESIDENCIAL HUMAITA
ESCOLA EM FUNCIONAMENTO E SEM RESTRIÇÃO DE ATENDIMENTO,EVOLUCOES UNIDADE II COLEGIO,Privada,"ESMERALDO SOARES TARQUINIO DE CAMPOS FILHO DOUTOR, 1074 AVENIDA. PARQUE DAS BANDEIRAS. 11346-000 São Vicente - SP.",(13) 35666167,Entre 51 e 200 matrículas de escolarização,Ensino Fundamental,-23.9885984,-46.479938,PARQUE DAS BANDEIRAS
ESCOLA EM FUNCIONAMENTO E SEM RESTRIÇÃO DE ATENDIMENTO,ALDEIA DE PARANAPUA,Pública Estadual,"PRAIA DE PARANAPUA, SN AVENIDA. ALDEIA PARANAPUA. 11325-010 São Vicente - SP.",,Até 50 matrículas de escolarização,"Educação Infantil, Ensino Fundamental",-23.9835912,-46.3796056,ALDEIA PARANAPUA
ESCOLA EM FUNCIONAMENTO E SEM RESTRIÇÃO DE ATENDIMENTO,NUCLEO DE RECREACAO INFANTIL NOVO PLANETA DA CRIANCA DE SAO VICENTE,Privada,"JOAO ARMENIO CAICHJIAN, 68 RUA. ESPLANADA DOS BARREIROS. 11340-390 São Vicente - SP.",(13) 34671993,Até 50 matrículas de escolarização,Educação Infantil,-23.96045,-46.40365,ESPLANADA DOS BARREIROS
ESCOLA EM FUNCIONAMENTO E SEM RESTRIÇÃO DE ATENDIMENTO,ESCOLA PARTICULAR VILMA VILA NOVA,Privada,"CEARA, 111 RUA. SAMARITA. 11345-045 São Vicente - SP.",(13) 996453664,Entre 51 e 200 matrículas de escolarização,"Educação Infantil, Ensino Fundamental, Ensino Médio",-23.9907029,-46.4747913,SAMARITA
ESCOLA EM FUNCIONAMENTO E SEM RESTRIÇÃO DE ATENDIMENTO,PRIVILEGIO COLEGIO,Privada,"QUINTINO BOCAIUVA, 675 E 685. CENTRO. 11320-010 São Vicente - SP.",(13) 34669130,Entre 51 e 200 matrículas de escolarização,"Educação Infantil, Ensino Fundamental",-23.9677002,-46.3733756,CENTRO
ESCOLA EM FUNCIONAMENTO E SEM RESTRIÇÃO DE ATENDIMENTO,PEQUENO APRENDIZ CRECHE ESCOLA,Privada,"TENENTE JOSE DOS SANTOS, 269 JARDIM RIO BRANCO. 11347-100 São Vicente - SP.",(13) 35661738,Entre 51 e 200 matrículas de escolarização,Educação Infantil,-23.9766089,-46.4807817,JARDIM RIO BRANCO
ESCOLA EM FUNCIONAMENTO E SEM RESTRIÇÃO DE ATENDIMENTO,VIDEIRA COLEGIO,Privada,"ALAGOAS, 120 RUA. JARDIM RIO BRANCO. 11347-190 São Vicente - SP.",(13) 35760800,Entre 51 e 200 matrículas de escolarização,"Educação Infantil, Ensino Fundamental",-23.9844647,-46.4666953,JARDIM RIO BRANCO
ESCOLA PARALISADA,CENTRO ATEND SOCIO-EDUC ADOLESCENTE DE SAO VICENTE-UIP,Pública Estadual,"RODOVIA PADRE MANOEL DA NOBREGA, SAMARITA. 11346-300 São Vicente - SP.",(13) 34064603,,,-23.9400571,-46.4634989,SAMARITA
ESCOLA EM FUNCIONAMENTO E SEM RESTRIÇÃO DE ATENDIMENTO,CENTRO ATEND SOCIOEDUC ADOLESCENTE DE SAO VICENTE CI,Pública Estadual,"MANOEL DA NOBREGA, SN RODOVIA. SAMARITA. 11346-300 São Vicente - SP.",(13) 33253828,Entre 51 e 200 matrículas de escolarização,"Ensino Fundamental, Ensino Médio",-23.9615142,-46.473623,SAMARITA
ESCOLA EM FUNCIONAMENTO E SEM RESTRIÇÃO DE ATENDIMENTO,JOSE CAMPELO VOVO CRECHE MUNICIPAL,Pública Municipal,"GILBERTO ESTEVES MARTINS, 320 JARDIM RIO BRANCO. 11347-200 São Vicente - SP.",(13) 34060691,Entre 51 e 200 matrículas de escolarização,Educação Infantil,-23.9770725,-46.4760525,JARDIM RIO BRANCO
ESCOLA EM FUNCIONAMENTO E SEM RESTRIÇÃO DE ATENDIMENTO,ARTES E MANHAS UNID II ESCOLA EDUC INFANTIL ENS FUNDAMENTAL,Privada,"FRANCISCO XAVIER DOS PASSOS, 425 RUA. VILA SAO JORGE. 11380-040 São Vicente - SP.",(13) 33299782,Entre 51 e 200 matrículas de escolarização,Ensino Fundamental,-23.9555679,-46.3720716,VILA SAO JORGE
ESCOLA EM FUNCIONAMENTO E SEM RESTRIÇÃO DE ATENDIMENTO,LAR DA CRIANCA FELIZ CRECHE MUNICIPAL,Pública Municipal,"LOVELY PLAUCHUT PROFESSOR, 787 RUA. VILA MATEO BEI. 11335-300 São Vicente - SP.",(13) 34649299,Entre 51 e 200 matrículas de escolarização,Educação Infantil,-23.9670579,-46.4112822,VILA MATEO BEI
ESCOLA PARALISADA,SENAT SERVICO NACIONAL DE APRENDIZAGEM DO TRANSPORTE,Privada,"PC ADALBERTO PANZAN, 151 ESPLANADA DOS BARREIROS. 11340-265 São Vicente - SP.",(13) 34651300,,,-23.9517456,-46.4157923,ESPLANADA DOS BARREIROS
ESCOLA EM FUNCIONAMENTO E SEM RESTRIÇÃO DE ATENDIMENTO,CENTRO RECREATIVO INFANTIL JARDIM OLIVEIRA,Privada,"JEQUIE, 1888 RUA. JARDIM RIO NEGRO. 11347-400 São Vicente - SP.",(13) 35668057,Até 50 matrículas de escolarização,Educação Infantil,-23.9862009,-46.466334,JARDIM RIO NEGRO
ESCOLA EM FUNCIONAMENTO E SEM RESTRIÇÃO DE ATENDIMENTO,CRECHE ESCOLA DE EDUCACAO INFANTIL PALAVRA CANTADA,Privada,"DO PARQUE, 487 TRAVESSA. CATIAPOA. 11365-330 São Vicente - SP.",(13) 34680752,Até 50 matrículas de escolarização,Educação Infantil,-23.96094489,-46.38990177,CATIAPOA
ESCOLA EM FUNCIONAMENTO E SEM RESTRIÇÃO DE ATENDIMENTO,PENITENCIARIA II DE SAO VICENTE,Pública Estadual,"PADRE MANOEL DA NOBREGA, SN KM 282. PARQUE CONTINENTAL. 11348-910 São Vicente - SP.",(13) 34061221,Entre 51 e 200 matrículas de escolarização,Educação de Jovens Adultos,-23.9717925,-46.3692271,PARQUE CONTINENTAL
ESCOLA EM FUNCIONAMENTO E SEM RESTRIÇÃO DE ATENDIMENTO,ESCOLA FORTEC,Privada,"BENEDITO CALIXTO, 160 170. CENTRO. 11320-070 São Vicente - SP.",(13) 35692525,Entre 201 e 500 matrículas de escolarização,"Educação Infantil, Ensino Fundamental",-23.9676152,-46.3759908,CENTRO
ESCOLA EM FUNCIONAMENTO E SEM RESTRIÇÃO DE ATENDIMENTO,BERCARIO E EDUCACAO INFANTIL ROSA DE SAROM,Privada,"SANTA CRUZ, 78 RUA. CENTRO. 11310-290 São Vicente - SP.",(13) 34667838,Entre 51 e 200 matrículas de escolarização,Educação Infantil,-23.96799261,-46.39032997,CENTRO
ESCOLA EM FUNCIONAMENTO E SEM RESTRIÇÃO DE ATENDIMENTO,CAMINHO DO SABER,Privada,"ALAMEDA DOIS, 817 PARQUE CONTINENTAL. 11348-300 São Vicente - SP.",(13) 35642136,Entre 51 e 200 matrículas de escolarização,Educação Infantil,-23.95435693,-46.46098349,PARQUE CONTINENTAL
ESCOLA EM FUNCIONAMENTO E SEM RESTRIÇÃO DE ATENDIMENTO,COLEGIO GENESIS SAO VICENTE,Privada,"JULIA DE ALMEIDA PIRES PROFESSORA, 530 RUA. JARDIM RIO BRANCO. 11347-090 São Vicente - SP.",(13) 33666688,Entre 51 e 200 matrículas de escolarização,Educação Infantil,-23.97897339,-46.47873247,JARDIM RIO BRANCO
ESCOLA EM FUNCIONAMENTO E SEM RESTRIÇÃO DE ATENDIMENTO,CAMBARA ESCOLA,Privada,"RUA DO COLEGIO, 161 CENTRO. 11310-210 São Vicente - SP.",(13) 34669376,Até 50 matrículas de escolarização,"Educação Infantil, Ensino Fundamental",-23.9641083,-46.3791773,CENTRO
ESCOLA EM FUNCIONAMENTO E SEM RESTRIÇÃO DE ATENDIMENTO,ALBINO LUIZ CALDAS PROFESSOR,Pública Estadual,"IRMA MARIA RITA DE SOUZA BRITO LOPES IRMA DULCE, SN RUA. HUMAITA. 11349-330 São Vicente - SP.",(13) 34061163,Mais de 1000 matrículas de escolarização,"Ensino Fundamental, Ensino Médio, Educação Profissional",-23.9604032,-46.4699338,CONJUNTO RESIDENCIAL HUMAITA
ESCOLA PARALISADA,ERCILIA NOGUEIRA COBRA,Pública Estadual,"VALE DO PO, 400 VL MARGARIDA. 11330-670 São Vicente - SP.",(13) 34649952,,,-23.9698087,-46.4052299,VILA MARGARIDA
ESCOLA EM FUNCIONAMENTO E SEM RESTRIÇÃO DE ATENDIMENTO,PAULO DE ARRUDA PENTEADO PROFESSOR,Pública Estadual,"JOSE SINGER DOUTOR, SN AVENIDA. CONJUNTO RESIDENCIAL HUMAITA. 11349-000 São Vicente - SP.",(13) 34062214,Entre 501 e 1000 matrículas de escolarização,"Ensino Fundamental, Ensino Médio, Educação Profissional",-23.9497284,-46.460612,CONJUNTO RESIDENCIAL HUMAITA
ESCOLA EM FUNCIONAMENTO E SEM RESTRIÇÃO DE ATENDIMENTO,JOSE DE ALMEIDA PINHEIRO JUNIOR PROFESSOR,Pública Estadual,"DOUTOR JOSE BENEDITO ALMEIDA RIBEIRO, SN RUA. PARQUE DAS BANDEIRAS. 11346-030 São Vicente - SP.",(13) 35662718,Entre 201 e 500 matrículas de escolarização,"Ensino Fundamental, Ensino Médio, Educação de Jovens Adultos",-23.9847933,-46.4901917,PARQUE DAS BANDEIRAS
ESCOLA EM FUNCIONAMENTO E SEM RESTRIÇÃO DE ATENDIMENTO,JOAQUIM LOPES LEAO PASTOR,Pública Estadual,"ALEXANDRE SENDIM, 150 RUA. PARQUE BITARU. 11330-420 São Vicente - SP.",(13) 34697675,Entre 501 e 1000 matrículas de escolarização,"Ensino Fundamental, Ensino Médio",-23.9743525,-46.3986125,PARQUE BITARU
ESCOLA EM FUNCIONAMENTO E SEM RESTRIÇÃO DE ATENDIMENTO,OSWALDO DOS SANTOS SOARES PROFESSOR DOUTOR,Pública Estadual,"NOVE DE JULHO, 465 AVENIDA. VILA CASCATINHA. 11370-020 São Vicente - SP.",(13) 35612151,Entre 201 e 500 matrículas de escolarização,Ensino Fundamental,-23.9568712,-46.3803114,VILA CASCATINHA
ESCOLA EM FUNCIONAMENTO E SEM RESTRIÇÃO DE ATENDIMENTO,ALBERTO AUGUSTO PASTOR,Pública Estadual,"DEZESSETE, SN RUA. CIDADE NAUTICA. 11350-540 São Vicente - SP.",(13) 34643337,Entre 201 e 500 matrículas de escolarização,"Ensino Fundamental, Ensino Médio, Educação Profissional",-23.940446,-46.4177519,CIDADE NAUTICA
ESCOLA EM FUNCIONAMENTO E SEM RESTRIÇÃO DE ATENDIMENTO,MARIO COVAS JUNIOR GOVERNADOR,Pública Estadual,"DOUTOR ARCHIMEDES BAVA, SN RUA. PARQUE DAS BANDEIRAS. 11346-190 São Vicente - SP.",(13) 35768089,Mais de 1000 matrículas de escolarização,"Ensino Fundamental, Ensino Médio",-23.9820495,-46.4947367,PARQUE DAS BANDEIRAS
ESCOLA EXCLUSIVA DE ATIVIDADE COMPLEMENTAR,CEL JTO A EE MARTIM AFONSO,Pública Estadual,"JOSE BONIFACIO, 102 RUA. CENTRO. 11310-080 São Vicente - SP.",(13) 34681625,Escola sem matrícula de escolarização,,-23.969276,-46.38343,CENTRO
