NOME,CO_CEP,NO_LOGRADOURO,NU_ENDERECO,NO_BAIRRO,NU_TELEFONE,NU_LATITUDE,NU_LONGITUDE,DS_TURNO_ATENDIMENTO,ST_CENTRO_CIRURGICO,ST_CENTRO_OBSTETRICO,ST_CENTRO_NEONATAL,ST_ATEND_HOSPITALAR,ST_SERVICO_APOIO,ST_ATEND_AMBULATORIAL,CO_AMBULATORIAL_SUS
HOFE SEG SAO VICENTE,11340000,FREI GASPAR,2587,BEIRA MAR,13 88239212,-239575481911.0,-464025163651.0,ATENDIMENTOS NOS TURNOS DA MANHA E A TARDE,0.0,0.0,0.0,0.0,1.0,0.0,NAO
CENTRO DE REABILITACAO NEUROLOGICA MATHEUS ALVARES SV,11320160,ONZE DE JUNHO,291,BOA VISTA,13 34917540,-239716855194.0,-463727545738.0,ATENDIMENTOS NOS TURNOS DA MANHA E A TARDE,0.0,0.0,0.0,0.0,1.0,0.0,NAO
CENTRO DE REABILITACAO NEUROLOGICA MATHEUS ALVARES II SV,11320120,RANGEL PESTANA,209,BOA VISTA,13 35913175,-239694601205.0,-46372218132.0,ATENDIMENTOS NOS TURNOS DA MANHA E A TARDE,0.0,0.0,0.0,0.0,1.0,0.0,NAO
IACS PRESIDENTE WILSON SAO VICENTE,11320001,AVENIDA PRESIDENTE WILSON,456,BOA VISTA,1332813000,-239677395.0,-463481869.0,ATENDIMENTOS NOS TURNOS DA MANHA E A TARDE,0.0,0.0,0.0,0.0,1.0,0.0,NAO
EVOLUIR CLINICA NEURODESENVOLVIMENTO 2 SV,11320120,RANGEL PESTANA,209,BOA VISTA,13 32332362,-239707155.0,-463730805.0,ATENDIMENTOS NOS TURNOS DA MANHA E A TARDE,0.0,0.0,0.0,0.0,0.0,0.0,NAO
ESF SA CATARINA SAO VICENTE,11365330,RUA TRAVESSA DO PARQUE,S/N,CATIAPOA,1334663797,-23957364.0,-46393161.0,ATENDIMENTOS NOS TURNOS DA MANHA E A TARDE,0.0,0.0,0.0,0.0,1.0,0.0,SIM
UNIDADE BASICA DE SAUDE CATIAPOA SAO VICENTE,11370300,AV PERSIO DE QUEIROZ FILHO,S/N,CATIAPOA,(13)34672887,-239567176184.0,-463873311661.0,ATENDIMENTOS NOS TURNOS DA MANHA E A TARDE,0.0,0.0,0.0,0.0,1.0,0.0,SIM
APAE SAO VICENTE,11390220,RUA FELICIANO MARCONDES DA SILVA,205,CATIAPOA,(13)34677828,-239624203.0,-463820005.0,ATENDIMENTOS NOS TURNOS DA MANHA E A TARDE,0.0,0.0,0.0,0.0,1.0,0.0,SIM
EDUARDO PALMIERI,11390200,AV MARTINS FONTES,480,CATIAPOA,34684645,-239606852.0,-464067146.0,ATENDIMENTOS NOS TURNOS DA MANHA E A TARDE,0.0,0.0,0.0,0.0,1.0,0.0,NAO
CONSULTORIO ODONTOLOGICO MARILENE J ALVES SAO VICENTE,11390360,RUA SALVADOR MALAQUIAS LEAL,88,CATIAPOA,1330186811,-239564426.0,-463860826.0,ATENDIMENTOS NOS TURNOS DA MANHA E A TARDE,0.0,0.0,0.0,0.0,1.0,0.0,NAO
RADICOM SAO VICENTE,11310040,PADRE ANCHIETA,224,CENTRO,13 34811671,-239682150567.0,-463849854469.0,ATENDIMENTOS NOS TURNOS DA MANHA E A TARDE,0.0,0.0,0.0,0.0,1.0,0.0,NAO
CENTRO DE COMBATE AO CORONAVIRUS DE SAO VICENTE,11310050,RUA JOAO RAMALHO,1150,CENTRO,1334662962,-23963294.0,-46387726.0,ATENDIMENTOS NOS TURNOS DA MANHA E A TARDE,0.0,0.0,0.0,0.0,1.0,0.0,SIM
CLINICA MULT IMAGEM SAO VICENTE,11310061,RUA FREI GASPAR,790,CENTRO,1332286700,-23964822.0,-46386613.0,ATENDIMENTOS NOS TURNOS DA MANHA E A TARDE,0.0,0.0,0.0,0.0,1.0,0.0,NAO
LEANDRO DE LIMA GIACCHERI SAO VICENTE,11310071,RUA JACOB EMERICK,365,CENTRO,13988222244,-23967809.0,-46385047.0,ATENDIMENTOS NOS TURNOS DA MANHA E A TARDE,0.0,0.0,0.0,0.0,1.0,0.0,NAO
ALCYR NOGUEIRA LIMA SAO VICENTE,11310061,RUA FREI GASPAR,931,CENTRO,,-23964591.0,-46388623.0,ATENDIMENTOS NOS TURNOS DA MANHA E A TARDE,0.0,0.0,0.0,0.0,1.0,0.0,NAO
RMIC IMAGENS DE DIAGNOSTICOS SAO VICENTE,11310060,RUA FREI GASPAR,637,CENTRO,1333711098,-23966127.0,-46385701.0,ATENDIMENTOS NOS TURNOS DA MANHA E A TARDE,0.0,0.0,0.0,0.0,1.0,0.0,NAO
CONSULTORIO DRA RENATA GUELLI SAO VICENTE,11310400,RUA XV DE NOVEMBRO,576,CENTRO,1334673793,-23963755.0,-46385414.0,ATENDIMENTOS NOS TURNOS DA MANHA E A TARDE,0.0,0.0,0.0,0.0,1.0,0.0,NAO
CENTRAL MUNICIPAL DE REDE DE FRIO SAO VICENTE,11310040,RUA PADRE ANCHIETA,462,CENTRO,1335695700,-239665239076.0,-463838911057.0,ATENDIMENTOS NOS TURNOS DA MANHA E A TARDE,0.0,0.0,0.0,0.0,0.0,0.0,SIM
FARMACIA PAGUE MENOS SAO VICENTE,11320000,AV PRESIDENTE WILSON,706,CENTRO,1334664339,-239682455033.0,-463754039034.0,"ATENDIMENTO NOS TURNOS DA MANHA, TARDE E NOITE",0.0,0.0,0.0,0.0,1.0,0.0,NAO
MONICA BATALHA PRADO SAO VICENTE,11320000,AV PRESIDENTE WILSON,1473,CENTRO,1334662803,-239652812665.0,-463821235299.0,"ATENDIMENTO NOS TURNOS DA MANHA, TARDE E NOITE",0.0,0.0,0.0,0.0,1.0,0.0,NAO
TOXICOLOGICO SAO VICENTE,11310000,BARAO DO RIO BRANCO,94,CENTRO,13 96933033,-23966440575.0,-463860958815.0,ATENDIMENTOS NOS TURNOS DA MANHA E A TARDE,0.0,0.0,0.0,0.0,0.0,0.0,NAO
MAXI EXAMES,11310070,R JACOB EMERICK,365,CENTRO,(13) 3467-9303,-239671768.0,-463858775.0,ATENDIMENTOS NOS TURNOS DA MANHA E A TARDE,0.0,0.0,0.0,0.0,0.0,0.0,NAO
TAMARA MACHADO FRACALANZA BOCCATELLI,11320010,AVENIDA QUINTINO BOCAIUVA,405,CENTRO,,-23967568011.0,-463846850395.0,ATENDIMENTOS NOS TURNOS DA MANHA E A TARDE,0.0,0.0,0.0,0.0,0.0,0.0,NAO
INSTITUTO ORTOPEDICO ITARARE SAO VICENTE,11320920,AV PRESIDENTE WILSON,1340,CENTRO,(13)34681550,-23965492.0,-46380825.0,ATENDIMENTOS NOS TURNOS DA MANHA E A TARDE,0.0,0.0,0.0,0.0,1.0,0.0,NAO
SERVICO DE PERICIAS MEDICAS SAO VICENTE,11310010,RUA FREI GASPAR,637,CENTRO,(13)34677333,-23966083.0,-4638569.0,ATENDIMENTOS NOS TURNOS DA MANHA E A TARDE,0.0,0.0,0.0,0.0,1.0,0.0,NAO
CTA BETINHO SAO VICENTE,11320010,AV QUINTINO BOCAIUVA,1261,CENTRO,(13)34698522,-23967086.0,-46387824.0,ATENDIMENTOS NOS TURNOS DA MANHA E A TARDE,0.0,0.0,0.0,0.0,1.0,0.0,SIM
SECRETARIA DE SAUDE DE SAO VICENTE,11310040,RUA PADRE ANCHIETA,462,CENTRO,(13)35695700,-23966264.0,-46383546.0,ATENDIMENTOS NOS TURNOS DA MANHA E A TARDE,,,,,0.0,0.0,SIM
COMPLEXO DE ESPECIALIDADES MEDICAS SAO VICENTE,11310400,RUA XV DE NOVEMBRO,176,CENTRO,(13)34650900,-239670484113.0,-463869380951.0,ATENDIMENTOS NOS TURNOS DA MANHA E A TARDE,0.0,0.0,0.0,0.0,1.0,0.0,SIM
LABORATORIO DR SERGIO TAVOLARO PEREIRA SAO VICENTE,11310050,RUA JOAO RAMALHO,825,CENTRO,(13)34688696,-239649502627.0,-463855295034.0,"ATENDIMENTO NOS TURNOS DA MANHA, TARDE E NOITE",0.0,0.0,0.0,0.0,1.0,0.0,NAO
SAO PEDRO ANALISES CLINICAS SAO VICENTE,11310420,RUA IPIRANGA,4,CENTRO,(13)34673124,-18.9174223,-48.2704503,ATENDIMENTO SOMENTE A TARDE,,,,,1.0,0.0,NAO
INSTITUTO OFTALMOLOGICO ACCIOLY DE GUSMAO SAO VICENTE,11320060,RUA AMADOR BUENO DA RIBEIRA,68,CENTRO,13 35695555,-23966794.0,-46377159.0,ATENDIMENTOS NOS TURNOS DA MANHA E A TARDE,0.0,0.0,0.0,0.0,1.0,0.0,NAO
CLINICA PADRE ANCHIETA SAO VICENTE,11320000,AV PRESIDENTE WILSON,1136,CENTRO,(13)34682829,-23965742.0,-46379113.0,ATENDIMENTOS NOS TURNOS DA MANHA E A TARDE,1.0,0.0,0.0,1.0,1.0,1.0,NAO
CLINICA MEDICA DR JOSE MARTINS FONTES SAO VICENTE,11310420,RUA IPIRANGA,S/N,CENTRO,(13)34684848,-18.9174223,-48.2704503,"ATENDIMENTO NOS TURNOS DA MANHA, TARDE E NOITE",0.0,0.0,0.0,0.0,1.0,0.0,NAO
UNIDADE MEDICA SAO VICENTE SAO VICENTE,11310420,RUA IPIRANGA,28,CENTRO,(13)34682861,-18.9174223,-48.2704503,ATENDIMENTOS NOS TURNOS DA MANHA E A TARDE,0.0,0.0,0.0,0.0,1.0,0.0,NAO
CLINICA SAO VICENTE RAMALHO DIAGNOSES SAO VICENTE,11310421,RUA IPIRANGA,31,CENTRO,(13)34673526,-18.9174223,-48.2704503,ATENDIMENTOS NOS TURNOS DA MANHA E A TARDE,0.0,0.0,0.0,0.0,1.0,0.0,NAO
HOSPITAL SAO JOSE SAO VICENTE,11310061,RUA FREI GASPAR,790,CENTRO,1330489488,-23965168.0,-46386657.0,"ATENDIMENTO CONTINUO DE 24 HORAS/DIA (PLANTAO:INCLUI SABADOS, DOMINGOS E FERIADOS)",1.0,1.0,1.0,1.0,1.0,1.0,NAO
SAE CTA SERVICO DE ATENDIMENTO ESPECIALIZADO SAO VICENTE,11320010,AV QUINTINO BOCAIUVA,1261,CENTRO,(13)35693500,-2396935.0,-46383804.0,ATENDIMENTOS NOS TURNOS DA MANHA E A TARDE,0.0,0.0,0.0,0.0,1.0,0.0,SIM
MAXILABOR SAO VICENTE,11310070,R JACOB EMERICK,365,CENTRO,1334679303,-239682703.0,-463837073.0,ATENDIMENTOS NOS TURNOS DA MANHA E A TARDE,0.0,0.0,0.0,0.0,0.0,0.0,NAO
EDUARDO OREFICE SAO VICENTE,11320001,AV PRESIDENTE WILSON,1473,CENTRO,1334694909,-239645689.0,-463833532.0,ATENDIMENTOS NOS TURNOS DA MANHA E A TARDE,0.0,0.0,0.0,0.0,1.0,0.0,NAO
FARMACIA DE MANIPULACAO LEVEN SAO VICENTE,11310071,R JACOB EMERICK,393,CENTRO,1333299800,-239682703.0,-463837073.0,ATENDIMENTOS NOS TURNOS DA MANHA E A TARDE,0.0,0.0,0.0,0.0,0.0,0.0,NAO
LASER PERUSSI SAO VICENTE,11310061,RUA FREI GASPAR,637,CENTRO,1334668609,-239551384.0,-464069904.0,ATENDIMENTOS NOS TURNOS DA MANHA E A TARDE,0.0,0.0,0.0,0.0,1.0,0.0,NAO
ORTHO DENTS SAO VICENTE,11310040,RUA PADRE ANCHIETA,306,CENTRO,13996868038,-239658382.0,-46383568.0,"ATENDIMENTO NOS TURNOS DA MANHA, TARDE E NOITE",0.0,0.0,0.0,0.0,1.0,0.0,NAO
LABORATORIO PAULISTA SAO VICENTE,11310421,RUA IPIRANGA,17,CENTRO,1333564011,-239651071.0,-463874308.0,ATENDIMENTOS NOS TURNOS DA MANHA E A TARDE,0.0,0.0,0.0,0.0,0.0,0.0,SIM
FALCONERES DE ALMEIDA OFTALMOLOGIA E MEDICINA SV,11310400,RUA QUINZE DE NOVEMBRO,576,CENTRO,1338770177,-239631703.0,-463852566.0,ATENDIMENTOS NOS TURNOS DA MANHA E A TARDE,0.0,0.0,0.0,0.0,1.0,0.0,NAO
INSTITUTO SEGUMED UNIDADE SAO VICENTE,11310400,FREI GASPAR,790,CENTRO,1334666323,-239650220449.0,-463864726161.0,"ATENDIMENTO NOS TURNOS DA MANHA, TARDE E NOITE",0.0,0.0,0.0,0.0,1.0,0.0,SIM
OMEGA3 LABORATORIO DE ANALISES CLINICAS SAO VICENTE,11310060,RUA FREI GASPAR,299,CENTRO,1335795694,-239681374648.0,-463818353.0,ATENDIMENTOS NOS TURNOS DA MANHA E A TARDE,0.0,0.0,0.0,0.0,1.0,0.0,NAO
CARLOS VILAR SAO VICENTE,11320001,AV PRESIDENTE WILSON,1473,CENTRO,34672310,-239653768547.0,-463820296526.0,ATENDIMENTOS NOS TURNOS DA MANHA E A TARDE,0.0,0.0,0.0,0.0,1.0,0.0,NAO
VIVIANE AGUIAR YUMOTO FRIAS SAO VICENTE,11310500,BENJAMIN CONSTANT,74,CENTRO,13 97217474,-239635386461.0,-46384557061.0,ATENDIMENTOS NOS TURNOS DA MANHA E A TARDE,0.0,0.0,0.0,0.0,1.0,0.0,NAO
CLINICA MEDICA LIMA DIAS SAO VICENTE,11320915,PRESIDENTE WILSON,1473,CENTRO,13 34693985,-239653204822.0,-463820162416.0,ATENDIMENTOS NOS TURNOS DA MANHA E A TARDE,0.0,0.0,0.0,0.0,1.0,0.0,NAO
ACADEMIA DE MEDICINA FISICA E REABILITACAO DE SAO VICENTE,11310420,SAO VICENTE,62,CENTRO,,-20.1296777,-44.8931768,"ATENDIMENTO NOS TURNOS DA MANHA, TARDE E NOITE",0.0,0.0,0.0,0.0,0.0,0.0,NAO
ANTONIO E M CURADO SAO VICENTE,11310061,R FREI GASPAR,86,CENTRO,,-23.9359122,-46.3305821,ATENDIMENTOS NOS TURNOS DA MANHA E A TARDE,0.0,0.0,0.0,0.0,1.0,0.0,NAO
CLINICA MEDICA BOA VISTA SAO VICENTE,11310330,RUA TREZE DE MAIO,336,CENTRO,(13)34686421,-239664847.0,-463901835.0,ATENDIMENTOS NOS TURNOS DA MANHA E A TARDE,0.0,0.0,0.0,0.0,1.0,0.0,NAO
CLINICA RENASCER SAO VICENTE,11310200,AV CAPITAO MOR AGUIAR,445,CENTRO,(13)34676133,-239672683371.0,-46391927261.0,ATENDIMENTOS NOS TURNOS DA MANHA E A TARDE,0.0,0.0,0.0,0.0,1.0,0.0,NAO
FOCUS CLINICA OFTAMOLOGICA SAO VICENTE,11310040,RUA XV DE NOVEMBRO,576,CENTRO,(13)34695056,-23965002.0,-46385567.0,ATENDIMENTOS NOS TURNOS DA MANHA E A TARDE,0.0,0.0,0.0,0.0,1.0,0.0,NAO
LABORATORIO ANALISES MED DR JOSE RODRIGUES SAO VICENTE,11310421,RUA IPIRANGA,321,CENTRO,(13)34683057,-18.9174223,-48.2704503,ATENDIMENTOS NOS TURNOS DA MANHA E A TARDE,0.0,0.0,0.0,0.0,1.0,0.0,NAO
CELSO DA SILVA NORONHA SAO VICENTE,11320120,RUA FREI GASPAR,739,CENTRO,(13)34689587,-239656072465.0,-463865947723.0,ATENDIMENTOS NOS TURNOS DA MANHA E A TARDE,0.0,0.0,0.0,0.0,1.0,0.0,NAO
ROBERTO DI GIOVANNI VERGARA SAO VICENTE,11310061,RUA FREI GASPAR,305,CENTRO,(13)34673042,-23.9359122,-46.3305821,ATENDIMENTOS NOS TURNOS DA MANHA E A TARDE,0.0,0.0,0.0,0.0,1.0,0.0,NAO
ROGERIA RITA DE CASSIA PALMA SAO VICENTE,11310061,RUA FREI GASPAR,739,CENTRO,(13)34684853,-239656121484.0,-463867074251.0,ATENDIMENTOS NOS TURNOS DA MANHA E A TARDE,0.0,0.0,0.0,0.0,1.0,0.0,NAO
CLINICA DR ROGERIO CORSO SAO VICENTE,11310071,JACOB EMERICK,365,CENTRO,13 34692127,-239677640858.0,-463851356506.0,ATENDIMENTOS NOS TURNOS DA MANHA E A TARDE,0.0,0.0,0.0,0.0,1.0,0.0,NAO
LOURDES APARECIDA NORONHA SAO VICENTE,11320001,AV PRESIDENTE WILSON,1473,CENTRO,(13)34683000,-23.6072471,-46.5797221,ATENDIMENTOS NOS TURNOS DA MANHA E A TARDE,0.0,0.0,0.0,0.0,1.0,0.0,NAO
DR MILTON FERREIRA SAO VICENTE,11310010,AVENIDA PRESIDENTE WILSON,1473,CENTRO,34695151,-239653033253.0,-463822683692.0,ATENDIMENTOS NOS TURNOS DA MANHA E A TARDE,0.0,0.0,0.0,0.0,1.0,0.0,NAO
ANA PAULA VILLANI BORDA SAO VICENTE,11310060,RUA FREI GASPAR,795,CENTRO,34696121,-23965291.0,-46387222.0,ATENDIMENTOS NOS TURNOS DA MANHA E A TARDE,0.0,0.0,0.0,0.0,1.0,0.0,NAO
LILIAN GRELLET SAO VICENTE,11310060,R FREI GASPAR,931,CENTRO,(13)34699156,-23.9359122,-46.3305821,ATENDIMENTOS NOS TURNOS DA MANHA E A TARDE,0.0,0.0,0.0,0.0,1.0,0.0,NAO
ANTONIO JOSE GOUVEIA SAO VICENTE,11390010,AV PRESIDENTE WILSON,1473,CENTRO,(13)34694909,-22.9125015,-43.1742935,ATENDIMENTO SOMENTE A TARDE,0.0,0.0,0.0,0.0,1.0,0.0,NAO
MARIA CRISTINA CHIEFFI AAGAARD SAO VICENTE,11390010,R FREI GASPAR,637,CENTRO,(13)94694397,-23.9359122,-46.3305821,ATENDIMENTOS NOS TURNOS DA MANHA E A TARDE,0.0,0.0,0.0,0.0,1.0,0.0,NAO
GRAZIELA DE MELO RABELO FRAYHA SAO VICENTE,11310400,RUA QUINZE DE NOVEMBRO,576,CENTRO,(13)34682928,-23965569.0,-46386701.0,ATENDIMENTOS NOS TURNOS DA MANHA E A TARDE,0.0,0.0,0.0,0.0,1.0,0.0,NAO
SANDRA MARA BARBOSA DOS SANTOS SAO VICENTE,11320001,AV PRESIDENTE WILSON,1473,CENTRO,(13)34687700,-23965412.0,-46382251.0,ATENDIMENTOS NOS TURNOS DA MANHA E A TARDE,0.0,0.0,0.0,0.0,1.0,0.0,NAO
TERESA CRISTINA C FRABREGA DE CARVALHO SAO VICENTE,11310040,R PADRE ANCHIETA,331,CENTRO,(13)34686267,-23967204.0,-46384594.0,ATENDIMENTO SOMENTE A TARDE,0.0,0.0,0.0,0.0,1.0,0.0,NAO
GILMAR ALVES DE OLIVEIRA SAO VICENTE,11340190,AV PREFEITO JOSE MONTEIRO,422,CENTRO,,-23.9632161,-46.3750197,ATENDIMENTOS NOS TURNOS DA MANHA E A TARDE,0.0,0.0,0.0,0.0,1.0,0.0,NAO
IBV INSTITUTO BRASILEIRO DE VISAO SAO VICENTE,11390010,RUA FREI GASPAR,739,CENTRO,(13)35691100,-23965656266.0,-463866484165.0,ATENDIMENTOS NOS TURNOS DA MANHA E A TARDE,0.0,0.0,0.0,0.0,1.0,0.0,SIM
MAURITY RIBEIRO DE FREITAS SAO VICENTE,11320915,AVENIDA PRESIDENTE WILSON,1473,CENTRO,(13)34682885,-22.9127235,-43.1746828,ATENDIMENTOS NOS TURNOS DA MANHA E A TARDE,0.0,0.0,0.0,0.0,1.0,0.0,NAO
THAIS MARIA PEREZ LARANJA GONCALVES SAO VICENTE,11310000,JOAO RAMALHO,630,CENTRO,(13)34663875,-21.1660911,-47.8008039,ATENDIMENTO SOMENTE A TARDE,0.0,0.0,0.0,0.0,1.0,0.0,NAO
FABIANA DO CARMO PELEGRINI SAO VICENTE,11310060,FREI GASPAR,931,CENTRO,(13)30222745,-23.9359122,-46.3305821,ATENDIMENTOS NOS TURNOS DA MANHA E A TARDE,0.0,0.0,0.0,0.0,1.0,0.0,NAO
ORTOSERV SAO VICENTE,11310000,PADRE ANCHIETA,331,CENTRO,(13)34686267,-22.8981158,-43.1220392,"ATENDIMENTO CONTINUO DE 24 HORAS/DIA (PLANTAO:INCLUI SABADOS, DOMINGOS E FERIADOS)",0.0,0.0,0.0,0.0,1.0,0.0,NAO
RENAULD TEOFILO BELLEGARD FILHO SAO VICENTE,11310000,PADRE ANCHIETA,331,CENTRO,(13)32395151,-22.8981158,-43.1220392,ATENDIMENTOS NOS TURNOS DA MANHA E A TARDE,0.0,0.0,0.0,0.0,1.0,0.0,NAO
JEAN KHATER FILHO SAO VICENTE,11310010,RUA MARTIM AFONSO,230,CENTRO,(13)34689696,-239674062491.0,-463859456778.0,ATENDIMENTOS NOS TURNOS DA MANHA E A TARDE,0.0,0.0,0.0,0.0,1.0,0.0,NAO
OLGAIR TEREZINHA DO AMARAL BROD SAO VICENTE,11320001,AVENIDA PRESIDENTE WILSON,1473,CENTRO,(13)34699148,-23.6072471,-46.5797221,ATENDIMENTOS NOS TURNOS DA MANHA E A TARDE,0.0,0.0,0.0,0.0,0.0,0.0,NAO
SILVIA HELENA BOAVENTURA SAO VICENTE,11320001,AV PRESIDENTE WILSON,1147,CENTRO,13991360671,-2396257.0,-4637967.0,ATENDIMENTOS NOS TURNOS DA MANHA E A TARDE,0.0,0.0,0.0,0.0,1.0,0.0,NAO
SHEILA PROENCA DINIZ SAO VICENTE,11320915,AV PRESIDENTE WILSON,1473,CENTRO,(13)34685337,-239654601879.0,-463821879029.0,ATENDIMENTO SOMENTE A TARDE,0.0,0.0,0.0,0.0,1.0,0.0,NAO
ELMA SOBRAL DE GOES SAO VICENTE,11310060,RUA FREI GASPAR,739,CENTRO,(13)34671705,-23.9359122,-46.3305821,ATENDIMENTOS NOS TURNOS DA MANHA E A TARDE,0.0,0.0,0.0,0.0,1.0,0.0,NAO
CLAYTON TIMOTEO BUENO RAMOS SAO VICENTE,11310070,RUA JACOB EMMERICH,379,CENTRO,(13)34682270,-23967653.0,-46385112.0,ATENDIMENTOS NOS TURNOS DA MANHA E A TARDE,0.0,0.0,0.0,0.0,1.0,0.0,NAO
MARCELO HENRIQUE BRITO DOS SANTOS SAO VICENTE,11310061,RUA FREI GASPAR,931,CENTRO,(13)34683049,-23.9359122,-46.3305821,ATENDIMENTO COM TURNOS INTERMITENTES,0.0,0.0,0.0,0.0,1.0,0.0,NAO
JULIO CESAR ALBINO SAO VICENTE,11310061,RUA FREI GASPAR,931,CENTRO,(13)34683049,-23.9359122,-46.3305821,ATENDIMENTO COM TURNOS INTERMITENTES,0.0,0.0,0.0,0.0,1.0,0.0,NAO
JUREMA DA SILVA SAO VICENTE,11310000,RUA FREI GASPAR,931,CENTRO,(13)34684943,-23964547.0,-46388612.0,ATENDIMENTO SOMENTE A TARDE,0.0,0.0,0.0,0.0,1.0,0.0,NAO
SIMONE CABRAL REBELO ASSUNCAO SAO VICENTE,11310061,RUA FREI GASPAR,931,CENTRO,(13)34672646,-23.9359122,-46.3305821,ATENDIMENTOS NOS TURNOS DA MANHA E A TARDE,0.0,0.0,0.0,0.0,1.0,0.0,NAO
JOSE GUSTAVO LOPES TAVARES SAO VICENTE,11310071,RUA JACOB EMMERICH,365,CENTRO,(13)34664994,-23967755.0,-46385015.0,ATENDIMENTOS NOS TURNOS DA MANHA E A TARDE,0.0,0.0,0.0,0.0,1.0,0.0,NAO
ANTONIO JOSE ORSI FALLEIROS SAO VICENTE,11310000,RUA IPIRANGA,333,CENTRO,(13)34671954,-239646905788.0,-463873887062.0,ATENDIMENTOS NOS TURNOS DA MANHA E A TARDE,0.0,0.0,0.0,0.0,1.0,0.0,NAO
ANA PAULA RODRIGUES FERNANDES SOUZA MARQUES SAO VICENTE,11310080,FREI GASPAR,931,CENTRO,(13)35681549,-23.934852,-46.3303329,ATENDIMENTOS NOS TURNOS DA MANHA E A TARDE,0.0,0.0,0.0,0.0,1.0,0.0,NAO
VICENTINA PORTOLESI GONCALVES SAO VICENTE,11310080,FREI GASPAR,739,CENTRO,(13)34673740,-23.934852,-46.3303329,ATENDIMENTO SOMENTE PELA MANHA,0.0,0.0,0.0,0.0,1.0,0.0,NAO
ALFREDO RECLUSA ILSE SAO VICENTE,11310000,FREI GASPAR,739,CENTRO,(13)34673740,-23.9359122,-46.3305821,ATENDIMENTOS NOS TURNOS DA MANHA E A TARDE,0.0,0.0,0.0,0.0,1.0,0.0,NAO
JULIO CESAR MENDONCA PINHEIRO SAO VICENTE,11320001,AV PRESIDENTE WILSON,1473,CENTRO,(13)34686267,-239654405801.0,-463820618391.0,ATENDIMENTOS NOS TURNOS DA MANHA E A TARDE,0.0,0.0,0.0,0.0,1.0,0.0,NAO
PAULO ROBERTO ALONSO CARNEIRO SAO VICENTE,11310060,IPIRANGA,333,CENTRO,(13)34671954,-23964665.0,-46387425.0,ATENDIMENTO SOMENTE A TARDE,0.0,0.0,0.0,0.0,1.0,0.0,NAO
RICARDO GONCALVES SAO VICENTE,11310061,RUA FREI GASPAR,739,CENTRO,(13)34673740,-23.9359122,-46.3305821,ATENDIMENTO SOMENTE A TARDE,0.0,0.0,0.0,0.0,1.0,0.0,NAO
JOSE LUIZ SOARES MAGALHAES SAO VICENTE,11310000,RUA IPIRANGA,333,CENTRO,(13)34671954,-18.9174223,-48.2704503,ATENDIMENTO SOMENTE A TARDE,0.0,0.0,0.0,0.0,1.0,0.0,NAO
CARLY ARIGON FELIPPI SAO VICENTE,11310050,AV PRESIDENTE WILSON,1147,CENTRO,(13)30224947,-23.6072471,-46.5797221,ATENDIMENTOS NOS TURNOS DA MANHA E A TARDE,0.0,0.0,0.0,0.0,1.0,0.0,NAO
ROSEMARY MENDES FRANCISCO SAO VICENTE,11320001,AV PRESIDENTE WILSON,1473,CENTRO,(13)34693596,-23.6072471,-46.5797221,ATENDIMENTOS NOS TURNOS DA MANHA E A TARDE,0.0,0.0,0.0,0.0,1.0,0.0,NAO
VERAS CLINICA MEDICA SAO VICENTE,11310000,RUA IPIRANGA,333,CENTRO,(13)34671954,-239646436428.0,-463873935457.0,ATENDIMENTOS NOS TURNOS DA MANHA E A TARDE,0.0,0.0,0.0,0.0,1.0,0.0,NAO
CASSIUS MARCELLIUS CAMPOS BITTENCOURT SAO VICENTE,11320001,AV PRESIDENTE WILSON,1473,CENTRO,(13)34693799,-23965367.0,-4638224.0,ATENDIMENTOS NOS TURNOS DA MANHA E A TARDE,0.0,0.0,0.0,0.0,1.0,0.0,NAO
GERSON ARANHA SAO VICENTE,11310060,RUA FREI GASPAR,739,CENTRO,(13)34683868,-23965625.0,-46386685.0,ATENDIMENTOS NOS TURNOS DA MANHA E A TARDE,0.0,0.0,0.0,0.0,1.0,0.0,NAO
VIVIANA ZAPAROLLI DE OLIVEIRA MENEZES SAO VICENTE,11310100,AV CAP MOR AGUIAR,658,CENTRO,(13)34671133,-23.9645299,-46.3911117,ATENDIMENTOS NOS TURNOS DA MANHA E A TARDE,0.0,0.0,0.0,0.0,1.0,0.0,NAO
DULCE MARIA OLIVEIRA SANTOS FREIRE SAO VICENTE,11310080,RUA XV DE NOVEMBRO,260,CENTRO,(13)34693999,-25.4305491,-49.2699936,"ATENDIMENTO NOS TURNOS DA MANHA, TARDE E NOITE",0.0,0.0,0.0,0.0,1.0,0.0,NAO
DENISE LIE MOLINA GROSSI SAO VICENTE,11310020,AV CAPITAO MOR AGUIAR,658,CENTRO,(13)34671133,-23.9645299,-46.3911117,ATENDIMENTO SOMENTE PELA MANHA,0.0,0.0,0.0,0.0,1.0,0.0,NAO
CENTRO TERAPEUTICO SAO VICENTE,11310010,RUA MARTIM AFONSO,251,CENTRO,(13)34665969,-239672282.0,-463857822.0,ATENDIMENTOS NOS TURNOS DA MANHA E A TARDE,0.0,0.0,0.0,0.0,1.0,0.0,NAO
CENTRO MEDICO SAO LUIZ GONZAGA SC LTDA SAO VICENTE,11310903,AV CAPITAO MOR AGUIAR,658,CENTRO,(13)34671133,-239653760433.0,-463914110187.0,ATENDIMENTOS NOS TURNOS DA MANHA E A TARDE,0.0,0.0,0.0,0.0,1.0,0.0,NAO
MARIA LUIZA MOURA SALES SAO VICENTE,11310061,RUA FREI GASPAR,931,CENTRO,34688798,-23964537.0,-46388633.0,ATENDIMENTOS NOS TURNOS DA MANHA E A TARDE,0.0,0.0,0.0,0.0,1.0,0.0,NAO
HELVECIO SIQUEIRA SAO VICENTE,11310100,RUA BENJAMIM CONSTANT,46,CENTRO,(13)34687126,-20.6665272,-43.7876992,ATENDIMENTO SOMENTE A TARDE,0.0,0.0,0.0,0.0,1.0,0.0,NAO
EDISON GERALDO TAGLIETA SAO VICENTE,11310100,RUA JOAO RAMALHO,1055,CENTRO,(13)34681001,-21.1660911,-47.8008039,ATENDIMENTO SOMENTE A TARDE,0.0,0.0,0.0,0.0,1.0,0.0,NAO
MARCIA ROSSETTO SAO VICENTE,11310500,BENJAMIN CONSTANT,61,CENTRO,(13)34686429,-23963693.0,-46385101.0,ATENDIMENTOS NOS TURNOS DA MANHA E A TARDE,0.0,0.0,0.0,0.0,1.0,0.0,NAO
JOSE MARIA EVANGELISTA BARBOSA DOS SANTOS SAO VICENTE,11310030,RUA EXPEDICIONARIOS VICENTINOS,80,CENTRO,(13)34676919,-2396426.0,-4638502.0,ATENDIMENTO SOMENTE PELA MANHA,0.0,0.0,0.0,0.0,1.0,0.0,NAO
MAX MATOS SERRUYA SAO VICENTE,11310510,RUA EXPEDICIONARIOS VICENTINOS,80,CENTRO,(13)34676919,-239647969.0,-463843035.0,ATENDIMENTO SOMENTE A TARDE,0.0,0.0,0.0,0.0,1.0,0.0,NAO
ROBERTO ALCANTARA ZARATE SAO VICENTE,11320100,AV PRESIDENTE WILSON,1033,CENTRO,(13)34676566,-239673531522.0,-4637858259.0,ATENDIMENTOS NOS TURNOS DA MANHA E A TARDE,0.0,0.0,0.0,0.0,1.0,0.0,NAO
HELCIO LUIS RIGO GADDINI SAO VICENTE,11320100,AV PRESIDENTE WILSON,1033,CENTRO,(13)34676566,-239673727597.0,-463785504034.0,ATENDIMENTOS NOS TURNOS DA MANHA E A TARDE,0.0,0.0,0.0,0.0,1.0,0.0,NAO
ELI CELICE DIAS SAO VICENTE,11320100,AV PRESIDENTE WILSON,1033,CENTRO,(13)34676566,-239686624.0,-46375718.0,ATENDIMENTOS NOS TURNOS DA MANHA E A TARDE,0.0,0.0,0.0,0.0,1.0,0.0,NAO
CLINICA RADIOLOGICA DE SANTOS SC LTDA SAO VICENTE,11310421,RUA IPIRANGA,263,CENTRO,(13)34684412,-23965182855.0,-463877052457.0,ATENDIMENTOS NOS TURNOS DA MANHA E A TARDE,0.0,0.0,0.0,0.0,1.0,0.0,NAO
ALETHEA GOUVEIA DIAS CABRAL SAO VICENTE,11310010,RUA MARTIM AFONSO,251,CENTRO,(13)30131646,-11.9832761,-55.2778785,ATENDIMENTOS NOS TURNOS DA MANHA E A TARDE,0.0,0.0,0.0,0.0,1.0,0.0,NAO
FUNDASV FUNDACAO SAO VICENTE SAO VICENTE,11320001,AVPRESIDENTE WILSON,1473,CENTRO,(13)34697869,-23.9677395,-46.3481864,ATENDIMENTOS NOS TURNOS DA MANHA E A TARDE,0.0,0.0,0.0,0.0,1.0,0.0,NAO
MARIA CRISTINA SILVA PINTO PIEDADE SAO VICENTE,11310050,RUA JOAO RAMALHO,1100,CENTRO,34687274,-23.8453438,-46.1333948,ATENDIMENTOS NOS TURNOS DA MANHA E A TARDE,0.0,0.0,0.0,0.0,1.0,0.0,NAO
CARLOS ALBERTO SILVA PINTO SAO VICENTE,11310090,RUA JOAO RAMALHO,1100,CENTRO,34687274,-23.8453438,-46.1333948,ATENDIMENTO SOMENTE A TARDE,0.0,0.0,0.0,0.0,1.0,0.0,NAO
JOSE AUGUSTO FALEIROS DINIZ SAO VICENTE,11310030,PRACA DA BANDEIRA,23,CENTRO,34668133,-26.2439428,-48.6395382,ATENDIMENTO SOMENTE A TARDE,0.0,0.0,0.0,0.0,1.0,0.0,NAO
VALDIRENE FATIMA DE OLIVEIRA SIQUEIRA SAO VICENTE,11310000,RUA BENJAMIN CONSTANT,46,CENTRO,34687126,-25.4299296,-49.2633058,ATENDIMENTOS NOS TURNOS DA MANHA E A TARDE,0.0,0.0,0.0,0.0,1.0,0.0,NAO
GILBERTO SIQUEIRA SAO VICENTE,11310000,RUA BENJAMIN CONSTANT,46,CENTRO,34697126,-25.4299296,-49.2633058,ATENDIMENTOS NOS TURNOS DA MANHA E A TARDE,0.0,0.0,0.0,0.0,1.0,0.0,NAO
OSWALDIR DIAS SAO VICENTE,11310000,RUA BENJAMIN CONSTANT,46,CENTRO,34687126,-25.4299296,-49.2633058,ATENDIMENTOS NOS TURNOS DA MANHA E A TARDE,0.0,0.0,0.0,0.0,1.0,0.0,NAO
MARIA LYGIA TOLEDO SAWAYA ALVES SAO VICENTE,11310061,RUA FREI GASPAR,637,CENTRO,34697462,-23.934852,-46.3303329,ATENDIMENTOS NOS TURNOS DA MANHA E A TARDE,0.0,0.0,0.0,0.0,1.0,0.0,NAO
ODONTO PREV SAO VICENTE,11320001,AV PRESIDENTE WILSON,1169,CENTRO,34682013,-23.6072471,-46.5797221,ATENDIMENTOS NOS TURNOS DA MANHA E A TARDE,0.0,0.0,0.0,0.0,1.0,0.0,NAO
CLINICA MEDICA SAO JOSE SAO VICENTE,11320020,TIBIRICA,439,CENTRO,13 35690200,-239654699919.0,-463820511103.0,ATENDIMENTOS NOS TURNOS DA MANHA E A TARDE,0.0,0.0,0.0,0.0,1.0,0.0,NAO
ADRIANO DE SOUZA MIZAEL SAO VICENTE,11310500,BENJAMIN CONSTANT,61,CENTRO,13996120477,-239637889379.0,-463850954824.0,ATENDIMENTOS NOS TURNOS DA MANHA E A TARDE,0.0,0.0,0.0,0.0,1.0,0.0,NAO
CENTER LASER SAO VICENTE,11310071,RUA JACOB EMMERICH,365,CENTRO,34676342,-23.967906,-46.384924,ATENDIMENTOS NOS TURNOS DA MANHA E A TARDE,0.0,0.0,0.0,0.0,1.0,0.0,NAO
WANESSA VAZ FERNANDES PEREIRA SAO VICENTE,11310070,RUA JACOB EMMERICH,878,CENTRO,13 34678504,-23.965482,-46.389158,ATENDIMENTOS NOS TURNOS DA MANHA E A TARDE,0.0,0.0,0.0,0.0,1.0,0.0,NAO
ANGELO DOS SANTOS PINHEIRO SAO VICENTE,11310071,RUA JACOB EMMERICH,379,CENTRO,34679780,-23968518971.0,-463857847452.0,ATENDIMENTOS NOS TURNOS DA MANHA E A TARDE,0.0,0.0,0.0,0.0,1.0,0.0,NAO
MEDIALISE CENTRO DE HEMODIALISE SAO VICENTE,11310330,TREZE DE MAIO,175,CENTRO,13 34678179,-239669993924.0,-4638864398.0,"ATENDIMENTO NOS TURNOS DA MANHA, TARDE E NOITE",0.0,0.0,0.0,0.0,1.0,0.0,SIM
CLINICA FRAYHA PEDIATRIA ALERGIA IMUNOLOGIA E VACINAS SV,11310400,QUINZE DE NOVEMBRO,576,CENTRO,13 34682928,-239662733.0,-463866614.0,ATENDIMENTOS NOS TURNOS DA MANHA E A TARDE,0.0,0.0,0.0,0.0,0.0,0.0,NAO
ESPACO ALARAFRA SAO VICENTE,11310400,RUA QUINZE DE NOVEMBRO,576,CENTRO,13988803800,-239637837087.0,-46385436058.0,ATENDIMENTOS NOS TURNOS DA MANHA E A TARDE,0.0,0.0,0.0,0.0,0.0,0.0,NAO
NEURO INFANCIA SAO VICENTE,11310420,IPIRANGA,266,CENTRO,13 88223232,-239652449296.0,-4638741053.0,"ATENDIMENTO NOS TURNOS DA MANHA, TARDE E NOITE",0.0,0.0,0.0,0.0,0.0,0.0,NAO
LABI EXAMES UNIDADE SAO VICENTE,11310050,JOAO RAMALHO,570,CENTRO,11 38534009,-239660484211.0,-463829684258.0,ATENDIMENTOS NOS TURNOS DA MANHA E A TARDE,,,,,0.0,0.0,NAO
NF ODONTOLOGIA A ARTE DE SORRIR SAO VICENTE,11310061,FREI GASPAR,910,CENTRO,13 34688000,-239641437212.0,-463877517847.0,"ATENDIMENTO NOS TURNOS DA MANHA, TARDE E NOITE",0.0,0.0,0.0,0.0,0.0,0.0,NAO
POSTO DE VACINACAO BRISAMAR SV,11310060,RUA FREI GASPAR,365,CENTRO,,-2396800375.0,-463839243549.0,"ATENDIMENTO NOS TURNOS DA MANHA, TARDE E NOITE",0.0,0.0,0.0,0.0,0.0,0.0,NAO
HOME SAUDE VIDA SAO VICENTE,11310060,FREI GASPAR,739,CENTRO,13 89346184,-239654969526.0,-463867342472.0,ATENDIMENTOS NOS TURNOS DA MANHA E A TARDE,0.0,0.0,0.0,0.0,0.0,0.0,NAO
MYLENA VIEIRA ODONTOLOGIA SAO VICENTE,11310400,QUINZE DE NOVEMBRO,576,CENTRO,13 74204927,-239637853.0,-463853854.0,ATENDIMENTOS NOS TURNOS DA MANHA E A TARDE,0.0,0.0,0.0,0.0,1.0,0.0,NAO
ZAQUENIRA BATISTA BELCHIOR DE OLIVEIRA SAO VICENTE,11310180,RUA MARQUES DE SAO VICENTE,166,CENTRO,13997410383,-239688719029.0,-463906931877.0,ATENDIMENTOS NOS TURNOS DA MANHA E A TARDE,0.0,0.0,0.0,0.0,1.0,0.0,NAO
ODONTO MATER SAO VICENTE,11320020,TIBIRICA,373,CENTRO,13 91528914,-239660190095.0,-463823676109.0,ATENDIMENTOS NOS TURNOS DA MANHA E A TARDE,0.0,0.0,0.0,0.0,0.0,0.0,NAO
LUCIANE VERGINIA SANTOS DA SILVA MENDIETA SV,11310071,JACOB EMERICK,365,CENTRO,,-239678033007.0,-463850390911.0,ATENDIMENTOS NOS TURNOS DA MANHA E A TARDE,0.0,0.0,0.0,0.0,1.0,0.0,NAO
DROGARIAS NISSEI SAO VICENTE,11320000,AV PRESIDENTE WILSON,218,CENTRO,4132138364,-239710309.0,-463709772.0,"ATENDIMENTO NOS TURNOS DA MANHA, TARDE E NOITE",0.0,0.0,0.0,0.0,1.0,0.0,NAO
ENDOSONI SAO VICENTE,11310400,RUA XV DE NOVEMBRO,576,CENTRO,1382178239,-239637853.0,-463853854.0,ATENDIMENTOS NOS TURNOS DA MANHA E A TARDE,0.0,0.0,0.0,0.0,1.0,0.0,NAO
INSTITUTO PAZ PSICOLOGIA DE A A Z LTDA SAO VICENTE,11320915,PRESIDENTE WILSON,1473,CENTRO,13 981409355,-239653596978.0,-463820403814.0,ATENDIMENTOS NOS TURNOS DA MANHA E A TARDE,0.0,0.0,0.0,0.0,1.0,0.0,NAO
ESTIMULO NEURO SAO VICENTE,11310060,FREI GASPAR,931,CENTRO,13 97332663,-239647837165.0,-463884401321.0,"ATENDIMENTO NOS TURNOS DA MANHA, TARDE E NOITE",0.0,0.0,0.0,0.0,0.0,0.0,NAO
MAXI EXAMES SAO VICENTE,11310070,RUA JACOB EMERICK,365,CENTRO,1334679303,-239682741161.0,-463836992187.0,ATENDIMENTOS NOS TURNOS DA MANHA E A TARDE,0.0,0.0,0.0,0.0,0.0,0.0,NAO
CLINICA MULTIDICIPLINAR SERSINAPSI SAO VICENTE,11310050,R JOAO RAMALHO,825,CENTRO,1313997768353,-239660831708.0,-463830925047.0,"ATENDIMENTO NOS TURNOS DA MANHA, TARDE E NOITE",0.0,0.0,0.0,0.0,0.0,0.0,NAO
ACS VIDA,11310061,FREI GASPAR,739,CENTRO,45 98385606,-239656072465.0,-463866001368.0,ATENDIMENTOS NOS TURNOS DA MANHA E A TARDE,0.0,0.0,0.0,0.0,1.0,0.0,NAO
UNIDADE DE SAUDE DA MULHER SV,11310400,R XV DE NOVEMBRO,176,CENTRO,13-34650900,-239670508623.0,-463869273663.0,ATENDIMENTOS NOS TURNOS DA MANHA E A TARDE,0.0,0.0,0.0,0.0,0.0,0.0,SIM
IOFA INSTITUTO ORAL E FACIAL SV,11310050,JOAO RAMALHO,570,CENTRO,13 96100542,-239659994018.0,-463831776381.0,ATENDIMENTOS NOS TURNOS DA MANHA E A TARDE,0.0,0.0,0.0,0.0,1.0,0.0,NAO
ANTONIO ARNALDO ROMAO FILHO SAO VICENTE,11310050,RUA JOAO RAMALHO,825,CENTRO,34696248,-239658552.0,-463835393.0,ATENDIMENTO SOMENTE A TARDE,0.0,0.0,0.0,0.0,0.0,0.0,NAO
FLAVIO PROENCA MARTINS DE OLIVEIRA SAO VICENTE,11320001,AV PRESIDENTE WILSON,1033,CENTRO,34676566,-239672297812.0,-463785937428.0,ATENDIMENTOS NOS TURNOS DA MANHA E A TARDE,0.0,0.0,0.0,0.0,0.0,0.0,NAO
COD RADIOGRAFIAS SAO VICENTE,11310071,RUA JACOB EMMERICH,379,CENTRO,34677659,-23967798.0,-46385139.0,"ATENDIMENTO NOS TURNOS DA MANHA, TARDE E NOITE",0.0,0.0,0.0,0.0,1.0,0.0,NAO
APARECIDO MAURILO ZABINI JUNIOR,11320915,AVENIDA PRESIDENTE WILSON,1473,CENTRO,1334674699,-239653870511.0,-463822076457.0,ATENDIMENTOS NOS TURNOS DA MANHA E A TARDE,0.0,0.0,0.0,0.0,1.0,0.0,NAO
INSTITUTO DE REABILITACAO FISIOLIFE SAO VICENTE,11310071,RUA JACOB EMERICH,365,CENTRO,(13) 35684987,-2396776.0,-46385015.0,ATENDIMENTOS NOS TURNOS DA MANHA E A TARDE,0.0,0.0,0.0,0.0,1.0,0.0,SIM
PAJP ODONTO LTDA SAO VICENTE,11310400,RUA QUINZE DE NOVEMBRO,576,CENTRO,1334686447,-23963599334.0,-463853494747.0,"ATENDIMENTO NOS TURNOS DA MANHA, TARDE E NOITE",0.0,0.0,0.0,0.0,1.0,0.0,NAO
ENEIDA RIVA FERREIRA SAO VICENTE,11310061,RUA FREI GASPAR,637,CENTRO,34678766,-23.934852,-46.3303329,ATENDIMENTOS NOS TURNOS DA MANHA E A TARDE,0.0,0.0,0.0,0.0,1.0,0.0,NAO
CREFORM SISTEMA DE SAUDE SAO VICENTE,11320120,RUA RANGEL PESTANA,209,CENTRO,34663360,-22.9107729,-47.0657934,ATENDIMENTOS NOS TURNOS DA MANHA E A TARDE,0.0,0.0,0.0,0.0,1.0,0.0,NAO
KATYA CHRISTINA DA COSTA FERNANDES SAO VICENTE,11390001,AV ANTONIO EMERICH,245,CENTRO,34664110,-23.962599,-46.380445,"ATENDIMENTO NOS TURNOS DA MANHA, TARDE E NOITE",0.0,0.0,0.0,0.0,1.0,0.0,NAO
PARTSUS SAO VICENTE,11310061,FREI GASPAR,739,CENTRO,13 33243374,-239655851877.0,-463865894079.0,ATENDIMENTOS NOS TURNOS DA MANHA E A TARDE,0.0,0.0,0.0,0.0,0.0,0.0,NAO
CONSULTORIO MEDICO DR LOURENCO SAO VICENTE,11320001,AVENIDA PRESIDENTE WILSON,1473,CENTRO,34695820,-23.6072471,-46.5797221,ATENDIMENTO SOMENTE A TARDE,0.0,0.0,0.0,0.0,1.0,0.0,NAO
ARMIDA MARIA SOLA CECCHI FERNANDES SAO VICENTE,11310040,RUA PADRE ANCHIETA,331,CENTRO,13 34683348,-239677351.0,-463847705.0,ATENDIMENTO SOMENTE A TARDE,0.0,0.0,0.0,0.0,1.0,0.0,NAO
LABORATORIO PASTEUR DE ANALISES CLINICAS I SAO VICENTE,11310061,RUA FREI GASPAR,739,CENTRO,(13) 33243412,-23965618.0,-46386674.0,ATENDIMENTOS NOS TURNOS DA MANHA E A TARDE,0.0,0.0,0.0,0.0,0.0,0.0,NAO
CESAR ALVES MALERBA SAO VICENTE,11310500,RUA BENJAMIN CONSTANT,61,CENTRO,1335611295,-239634918.0,-463854069.0,ATENDIMENTOS NOS TURNOS DA MANHA E A TARDE,0.0,0.0,0.0,0.0,1.0,0.0,NAO
MARIA ANGELICA DA SILVA ALMEIDA SAO VICENTE,11310071,R BENJAMIN CONSTANT,61,CENTRO,1334686059,-239633035316.0,-463854042607.0,ATENDIMENTOS NOS TURNOS DA MANHA E A TARDE,0.0,0.0,0.0,0.0,1.0,0.0,NAO
KAOLU NOGUI SAO VICENTE,11310010,RUA MARTIM AFONSO,230,CENTRO,(13) 34684090,-23967526.0,-4638575.0,ATENDIMENTOS NOS TURNOS DA MANHA E A TARDE,0.0,0.0,0.0,0.0,1.0,0.0,NAO
MARIA JOSE DE ABREU SAO VICENTE,11310071,R JACOB EMERICH,379,CENTRO,(13) 34695164,-23967761.0,-46385142.0,ATENDIMENTOS NOS TURNOS DA MANHA E A TARDE,0.0,0.0,0.0,0.0,1.0,0.0,NAO
PERUSSI CARVALHO OFTALMOLOGISTAS ASSOCIADOS LTDA SAO VIC,11310061,RUA FREI GASPAR,637,CENTRO,1334668609,-23966058.0,-46385723.0,ATENDIMENTO COM TURNOS INTERMITENTES,0.0,0.0,0.0,0.0,1.0,0.0,NAO
CHRISTIAN MARCOS ARANA ENRIQUEZ SV,11310400,QUINZE DE NOVEMBRO,576,CENTRO,13 96428236,-239637853.0,-463853854.0,ATENDIMENTO SOMENTE PELA MANHA,0.0,0.0,0.0,0.0,0.0,0.0,NAO
LOTO MD SAO VICENTE,11310061,FREI GASPAR,931,CENTRO,11945216348,-239489251098.0,-464126492808.0,ATENDIMENTOS NOS TURNOS DA MANHA E A TARDE,0.0,0.0,0.0,0.0,1.0,0.0,NAO
IGESP SAO VICENTE,11310071,JACOB EMERICK,921,CENTRO,11 35884900,-239649757.0,-46391263.0,ATENDIMENTOS NOS TURNOS DA MANHA E A TARDE,0.0,0.0,0.0,0.0,1.0,0.0,NAO
LUIZ CARLOS ANTUNES LOPES SAO VICENTE,11310060,RUA FREI GASPAR,438,CENTRO,(13)30119357,-23.9359122,-46.3305821,ATENDIMENTOS NOS TURNOS DA MANHA E A TARDE,0.0,0.0,0.0,0.0,1.0,0.0,NAO
ALCEVIDAS II SAO VICENTE,11310400,QUINZE DE NOVEMBRO,576,CENTRO,11 98303892,-239637853.0,-463853854.0,"ATENDIMENTO NOS TURNOS DA MANHA, TARDE E NOITE",0.0,0.0,0.0,0.0,0.0,0.0,NAO
CA ODONTOLOGIA SAO VICENTE,11310040,RUA PADRE ANCHIETA,306,CENTRO,(13)34666419,-22.8981158,-43.1220392,ATENDIMENTOS NOS TURNOS DA MANHA E A TARDE,0.0,0.0,0.0,0.0,1.0,0.0,NAO
MCM CENTER ODONTO SAO VICENTE,11310050,RUA JOAO RAMALHO,825,CENTRO,(13)35681853,-23.8453438,-46.1333948,ATENDIMENTOS NOS TURNOS DA MANHA E A TARDE,0.0,0.0,0.0,0.0,0.0,0.0,NAO
CINTIA MARA AOKI TRONOLONI SAO VICENTE,11310061,RUA FREI GASPAR,931,CENTRO,30249899,-239647003828.0,-463884615898.0,ATENDIMENTOS NOS TURNOS DA MANHA E A TARDE,0.0,0.0,0.0,0.0,1.0,0.0,NAO
GASTROENDOFIT SERVICOS DE ENDOSCOPIA SAO VICENTE,11310061,FREI GASPAR,790,CENTRO,13 81429846,-239653474429.0,-463864445686.0,ATENDIMENTOS NOS TURNOS DA MANHA E A TARDE,0.0,0.0,0.0,0.0,1.0,0.0,NAO
M G DA SILVA NETO CLINICA SAO VICENTE,11310050,JOAO RAMALHO,825,CENTRO,13 34683250,-239649111679.0,-463855111599.0,ATENDIMENTOS NOS TURNOS DA MANHA E A TARDE,0.0,0.0,0.0,0.0,0.0,0.0,NAO
IMD SAO VICENTE,11310071,RUA JACOB EMERICK,921,CENTRO,,-23967373.0,-4638449.0,ATENDIMENTO SOMENTE PELA MANHA,0.0,0.0,0.0,0.0,0.0,0.0,NAO
ATEF MOUBAREC SERVICOS ODONTOLOGICOS SAO VICENTE,11310400,QUINZE DE NOVEMBRO,576,CENTRO,13 34671079,-239638033168.0,-46385242939.0,ATENDIMENTOS NOS TURNOS DA MANHA E A TARDE,0.0,0.0,0.0,0.0,1.0,0.0,NAO
WO ODONTOLOGIA SAO VICENTE,11310400,QUINZE DE NOVEMBRO,576,CENTRO,13 96576785,-239637853.0,-463853854.0,ATENDIMENTOS NOS TURNOS DA MANHA E A TARDE,0.0,0.0,0.0,0.0,0.0,0.0,NAO
MACRINO DA SILVA FILHO SAO VICENTE,11310510,RUA JOAO RAMALHO,825,CENTRO,34673883,-21.1706025,-47.8047312,ATENDIMENTOS NOS TURNOS DA MANHA E A TARDE,0.0,0.0,0.0,0.0,1.0,0.0,NAO
ALMAI INSTITUTO DE NEURODESENVOLVIMENTO INFANTIL SV,11310290,RUA SANTA CRUZ,134,CENTRO,1332234711,-239681181.0,-463901502.0,ATENDIMENTOS NOS TURNOS DA MANHA E A TARDE,0.0,0.0,0.0,0.0,0.0,0.0,NAO
RENATO VANZELLA VICENTE SAO VICENTE,11320070,BENEDITO CALIXTO,182,CENTRO,13 33563350,-239674743.0,-463761485.0,ATENDIMENTOS NOS TURNOS DA MANHA E A TARDE,0.0,0.0,0.0,0.0,0.0,0.0,NAO
EVOLUIR CLINICA NEURO DESENVOLVIMENTO SV,11310050,JOAO RAMALHO,803,CENTRO,13 74090233,-239662224396.0,-463830059767.0,ATENDIMENTOS NOS TURNOS DA MANHA E A TARDE,0.0,0.0,0.0,0.0,0.0,0.0,NAO
LETICIA ALMEIDA TARRACO MARQUES SV,11310050,JOAO RAMALHO,825,CENTRO,13 03333333,-239661856751.0,-463832312822.0,ATENDIMENTOS NOS TURNOS DA MANHA E A TARDE,0.0,0.0,0.0,0.0,1.0,0.0,NAO
SER E CRESCER SAO VICENTE,11310400,QUINZE DE NOVEMBRO,576,CENTRO,13 88554118,-239638278269.0,-463853985071.0,"ATENDIMENTO NOS TURNOS DA MANHA, TARDE E NOITE",0.0,0.0,0.0,0.0,0.0,0.0,NAO
POLICLINICA IPIRANGA,11310420,RUA IPIRANGA,36,CENTRO,34689912,-2396722.0,-46388319.0,ATENDIMENTOS NOS TURNOS DA MANHA E A TARDE,0.0,0.0,0.0,0.0,1.0,0.0,NAO
COMPLEXO REGULADOR SAO VICENTE,11310010,RUA PADRE ANCHIETA,462,CENTRO,,-239664797904.0,-463838642836.0,ATENDIMENTOS NOS TURNOS DA MANHA E A TARDE,,,,,0.0,0.0,SIM
UNIDADE MOVEL ODONTOLOGICA SAO VICENTE,11310040,RUA PADRE ANCHIETA,462,CENTRO,,-23966379.0,-46383744.0,ATENDIMENTOS NOS TURNOS DA MANHA E A TARDE,0.0,0.0,0.0,0.0,1.0,0.0,NAO
LUCYMARA SALVIA,11310000,AV PRESIDENTE WILSON,1473,CENTRO,13997817003,-239654111684.0,-463819867373.0,ATENDIMENTOS NOS TURNOS DA MANHA E A TARDE,0.0,0.0,0.0,0.0,1.0,0.0,NAO
TOMOSANTOS,11310300,PRACA BERNARDINO DE CAMPOS,339,CENTRO,35692108,-23967714.0,-46388435.0,ATENDIMENTOS NOS TURNOS DA MANHA E A TARDE,0.0,0.0,0.0,0.0,0.0,0.0,SIM
TORTIA ODONTOLOGIA,11310071,RUA JACOB EMMERICK,365,CENTRO,30227453,-23.967906,-46.384924,ATENDIMENTOS NOS TURNOS DA MANHA E A TARDE,0.0,0.0,0.0,0.0,1.0,0.0,NAO
CATARINA RAMOS MARTINS SAO VICENTE,11310000,PRACA BARAO DO RIO BRANCO,94,CENTRO,34671130,-23966827.0,-46385822.0,ATENDIMENTOS NOS TURNOS DA MANHA E A TARDE,0.0,0.0,0.0,0.0,0.0,0.0,NAO
WILSON CESAR BUENO,11310450,RUA SOROCABANA,93,CENTRO,34665680,-22.2266149,-50.8946054,ATENDIMENTO SOMENTE A TARDE,0.0,0.0,0.0,0.0,1.0,0.0,NAO
BRUNO FROES LIMA LAFRAIA SAO VICENTE,11310050,RUA JOAO RAMALHO,574,CENTRO,(13) 30226471,-23.8453438,-46.1333948,"ATENDIMENTO NOS TURNOS DA MANHA, TARDE E NOITE",0.0,0.0,0.0,0.0,0.0,0.0,NAO
CARINA MARTINS CARNEIRO FRANCISCO SAO VICENTE,11310061,RUA FREI GASPAR,637,CENTRO,(13) 30223602,-23.934852,-46.3303329,ATENDIMENTOS NOS TURNOS DA MANHA E A TARDE,0.0,0.0,0.0,0.0,0.0,0.0,NAO
RAIA DROGASIL FILIAL 181 SV,11310060,FREI GASPAR,504,CENTRO,,-239665533191.0,-463842988014.0,"ATENDIMENTO NOS TURNOS DA MANHA, TARDE E NOITE",0.0,0.0,0.0,0.0,0.0,0.0,NAO
RAIA DROGASIL LOJA 0017 SV,11310061,FREI GASPAR,686,CENTRO,11 37695731,-239658082262.0,-463857793808.0,"ATENDIMENTO NOS TURNOS DA MANHA, TARDE E NOITE",0.0,0.0,0.0,0.0,0.0,0.0,NAO
NILTON LUIZ BRANCO,11310061,RUA FREI GASPAR,773,CENTRO,34685394,-23965517.0,-46386816.0,ATENDIMENTOS NOS TURNOS DA MANHA E A TARDE,0.0,0.0,0.0,0.0,1.0,0.0,NAO
IACS XV DE NOVEMBRO SAO VICENTE,11310400,QUINZE DE NOVEMBRO,313,CENTRO,3136298042,-239657578147.0,-463866088453.0,ATENDIMENTOS NOS TURNOS DA MANHA E A TARDE,0.0,0.0,0.0,0.0,1.0,0.0,NAO
RICARDO DE SALLES JUNQUEIRA,11310060,RUA FREI GASPAR,548,CENTRO,34697557,-23966405.0,-46384628.0,ATENDIMENTOS NOS TURNOS DA MANHA E A TARDE,0.0,0.0,0.0,0.0,0.0,0.0,NAO
CLINIMATER SAO VICENTE,11310421,RUA IPIRANGA,339,CENTRO,(13) 22027373,-18.9174223,-48.2704503,ATENDIMENTOS NOS TURNOS DA MANHA E A TARDE,0.0,0.0,0.0,0.0,1.0,0.0,NAO
CONSULTORIO ODONTOLOGICO CRISTIANE ROSA DOS SANTOS S VIC,11310071,RUA JACOB EMMERICH,379,CENTRO,(13) 30270327,-23967599.0,-46385106.0,ATENDIMENTOS NOS TURNOS DA MANHA E A TARDE,0.0,0.0,0.0,0.0,1.0,0.0,NAO
CONSULTORIO DE PSICOLOGIA VANDA DO CARMO L DIAS S VICENTE,11310400,RUA IPIRANGA,345,CENTRO,(13) 34667265,-23.5287038,-46.1981309,"ATENDIMENTO NOS TURNOS DA MANHA, TARDE E NOITE",0.0,0.0,0.0,0.0,0.0,0.0,NAO
CLINICA DE VACINACAO IMUNITI LTDA,11320001,AV PRESIDENTE WILSON,1473,CENTRO,1334694909,-23.6072471,-46.5797221,ATENDIMENTOS NOS TURNOS DA MANHA E A TARDE,0.0,0.0,0.0,0.0,0.0,0.0,NAO
LABORATORIO DE ANALISES CLINICAS CELLULA MATER SAO VICENTE,11310441,RUA VISCONDE DE TAMANDARE,499,CENTRO,(13) 32252586,-23965033.0,-46390267.0,ATENDIMENTOS NOS TURNOS DA MANHA E A TARDE,0.0,0.0,0.0,0.0,0.0,0.0,SIM
MP FISIOTERAPIA SAO VICENTE,11310060,RUA FREI GASPAR,739,CENTRO,33299495,-23965542.0,-46386695.0,"ATENDIMENTO NOS TURNOS DA MANHA, TARDE E NOITE",0.0,0.0,0.0,0.0,1.0,0.0,SIM
MARIA CONCEICAO PEREZ DOMINGUES SAO VICENTE,11310071,RUA JACOB EMMERICK,379,CENTRO,(13) 34673278,-23.967639,-46.385073,ATENDIMENTOS NOS TURNOS DA MANHA E A TARDE,0.0,0.0,0.0,0.0,0.0,0.0,NAO
CONSULTORIO ODONTOLOGICO DRA VIRGINIA AZEVEDO SAO VICENTE,11310061,RUA FREI GASPAR,739,CENTRO,(13) 34685554,-239656072465.0,-463865464926.0,ATENDIMENTOS NOS TURNOS DA MANHA E A TARDE,0.0,0.0,0.0,0.0,1.0,0.0,NAO
DAY CENTER CIRURGIAS SAO VICENTE,11320000,AV PRESIDENTE WILSON,1136,CENTRO,(13) 34687777,-23.6072471,-46.5797221,"ATENDIMENTO NOS TURNOS DA MANHA, TARDE E NOITE",0.0,0.0,0.0,0.0,1.0,0.0,NAO
NASO NUCLEO DE ASSISTENCIA A SAUDE ODONTOLOGICA SV,11380080,PRACA BARAO DO RIO BRANCO,187,CENTRO,(13) 35688888,-12.9819942,-38.5143987,ATENDIMENTOS NOS TURNOS DA MANHA E A TARDE,0.0,0.0,0.0,0.0,1.0,0.0,NAO
CAIXA DE SAUDE E PECULIO DOS SERVIDORES MUN DE SAO VICENTE,11310060,R FREI GASPAR,157,CENTRO,(13)35695357,-23968154.0,-46381716.0,ATENDIMENTOS NOS TURNOS DA MANHA E A TARDE,0.0,0.0,0.0,0.0,1.0,0.0,NAO
FISIOTERAPIA INTEGRADA SAO VICENTE,11310061,RUA FREI GASPAR,739,CENTRO,(13) 81124232,-23.9359122,-46.3305821,ATENDIMENTOS NOS TURNOS DA MANHA E A TARDE,0.0,0.0,0.0,0.0,1.0,0.0,NAO
CONSULTORIO DE PSICOLOGIA DRA EMANOELE ALMEIDA MOURA,11310040,RUA PADRE ANCHIETA,331,CENTRO,(13)30224216,-22.8981158,-43.1220392,"ATENDIMENTO NOS TURNOS DA MANHA, TARDE E NOITE",0.0,0.0,0.0,0.0,1.0,0.0,NAO
AMBULATORIO ANA COSTA DE SAO VICENTE,11320000,AV PRESIDENTE WILSON,772,CENTRO,(13) 32029298,-239686624.0,-46375718.0,ATENDIMENTOS NOS TURNOS DA MANHA E A TARDE,0.0,0.0,0.0,0.0,1.0,0.0,NAO
CEO III INSULAR SAO VICENTE,11320010,AV QUINTINO BOCAIUVA,1261,CENTRO,1335693513,-23963555.0,-46381297.0,ATENDIMENTOS NOS TURNOS DA MANHA E A TARDE,0.0,0.0,0.0,0.0,1.0,0.0,SIM
EDUARDO CONDE DA SILVA SAO VICENTE,11310061,RUA FREI GASPAR,739,CENTRO,(13) 34677640,-23965571.0,-46386685.0,ATENDIMENTO SOMENTE A TARDE,0.0,0.0,0.0,0.0,1.0,0.0,NAO
INST DE OFTALMOLOGIA DA B SANTISTA IOBS S VICENTE,11310050,RUA JOAO RAMALHO,825,CENTRO,,-23.8453438,-46.1333948,ATENDIMENTOS NOS TURNOS DA MANHA E A TARDE,0.0,0.0,0.0,0.0,1.0,0.0,NAO
CATH CENTRO DE ATEND A TUBERCULOSE E HANSENIASE SV,11320070,RUA BENEDITO CALIXTO,275,CENTRO,(13) 34682870,-23966759175.0,-463759659601.0,ATENDIMENTOS NOS TURNOS DA MANHA E A TARDE,0.0,0.0,0.0,0.0,1.0,0.0,NAO
SUCEN SERVICO REGIONAL 02 SAO VICENTE,11310050,RUA JOAO RAMALHO,587,CENTRO,(13) 3468-8894,-23963.0,-46392.0,ATENDIMENTOS NOS TURNOS DA MANHA E A TARDE,,,,,0.0,0.0,NAO
OSWALDO GUAPO SAO VICENTE,11310400,RUA QUINZE DE NOVEMBRO,260,CENTRO,(13) 34681770,-23966443.0,-46386535.0,ATENDIMENTOS NOS TURNOS DA MANHA E A TARDE,0.0,0.0,0.0,0.0,1.0,0.0,NAO
HOSPITAL E MATERNIDADE MUNICIPAL DE SAO VICENTE,11310420,RUA IPIRANGA,370,CENTRO,34692166,-23964159.0,-46387139.0,"ATENDIMENTO CONTINUO DE 24 HORAS/DIA (PLANTAO:INCLUI SABADOS, DOMINGOS E FERIADOS)",1.0,1.0,1.0,1.0,1.0,1.0,SIM
CLINICA TOTAL SAUDE SAO VICENTE,11310440,RUA VISCONDE TAMANDARE,481,CENTRO,(13) 34679862,-20.7874162,-51.6930828,ATENDIMENTOS NOS TURNOS DA MANHA E A TARDE,0.0,0.0,0.0,0.0,1.0,0.0,NAO
VISION CID LASER CLINICA DE OLHOS SAO VICENTE,11310071,RUA JACOB EMERICK,379,CENTRO,34667791,-239677248709.0,-463850712776.0,ATENDIMENTOS NOS TURNOS DA MANHA E A TARDE,0.0,0.0,0.0,0.0,0.0,0.0,NAO
CLINICA LAGON SAO VICENTE,11340040,RUA PADRE ANCHIETA,331,CENTRO,(13) 33268275,-22.8981158,-43.1220392,ATENDIMENTOS NOS TURNOS DA MANHA E A TARDE,0.0,0.0,0.0,0.0,0.0,0.0,NAO
CLINICA BRASIMED SAO VICENTE,11310000,PRACA BARAO DO RIO BRANCO,54,CENTRO,13 33847740,-14.8512263,-40.838462,ATENDIMENTOS NOS TURNOS DA MANHA E A TARDE,0.0,0.0,0.0,0.0,0.0,0.0,NAO
BRENO NAPPI VENTURA SAO VICENTE,11310050,RUA JOAO RAMALHO,839,CENTRO,13 34688007,-239648621481.0,-463855057955.0,ATENDIMENTOS NOS TURNOS DA MANHA E A TARDE,0.0,0.0,0.0,0.0,1.0,0.0,NAO
ANGIOCORPORE SAO VICENTE,11310935,FREI GASPAR,365,CENTRO,13 32282700,-23967127.0,-46383625.0,ATENDIMENTOS NOS TURNOS DA MANHA E A TARDE,0.0,0.0,0.0,0.0,0.0,0.0,NAO
LABORATORIO ESPECIALIZADO DE DSTHIV SAO VICENTE,11310421,RUA IPIRANGA,353,CENTRO,13 35695930,-23964216.0,-46387245.0,ATENDIMENTOS NOS TURNOS DA MANHA E A TARDE,0.0,0.0,0.0,0.0,0.0,0.0,NAO
RITA DE CASSIA DE SOUZA SA SAO VICENTE,11320010,AVENIDA PRESIDENTE WILSON,1473,CENTRO,13 30138187,-23965328.0,-46382261.0,"ATENDIMENTO NOS TURNOS DA MANHA, TARDE E NOITE",0.0,0.0,0.0,0.0,1.0,0.0,NAO
CLINICA RADIOLOGICA DO GUARUJA SAO VICENTE,11310420,RUA IPIRANGA,345,CENTRO,13 34692119,-239645291547.0,-463873646459.0,ATENDIMENTOS NOS TURNOS DA MANHA E A TARDE,0.0,0.0,0.0,0.0,1.0,0.0,NAO
UP CENTRO AUDITIVO SAO VICENTE,11310050,RUA JOAO RAMALHO,803,CENTRO,34666404,-239651807763.0,-463853555918.0,ATENDIMENTOS NOS TURNOS DA MANHA E A TARDE,0.0,0.0,0.0,0.0,1.0,0.0,NAO
ANA MARIA ALVES RIBEIRO,11310040,RUA PADRE ANCHIETA,331,CENTRO,13 30143176,-22.8981158,-43.1220392,ATENDIMENTOS NOS TURNOS DA MANHA E A TARDE,0.0,0.0,0.0,0.0,1.0,0.0,NAO
TRASMONTANO SAO VICENTE,11310071,RUA JACOB EMMERICH,921,CENTRO,,-23966.0,-46386.0,ATENDIMENTOS NOS TURNOS DA MANHA E A TARDE,0.0,0.0,0.0,0.0,1.0,0.0,NAO
CLINICA DE ESTETICA BOA FORMA,11310050,RUA JOAO RAMALHO,803,CENTRO,33297545,-239650092074.0,-463853234053.0,ATENDIMENTOS NOS TURNOS DA MANHA E A TARDE,0.0,0.0,0.0,0.0,1.0,0.0,NAO
CLINICA TOTAL SAUDE SAO VICENTE,11310440,RUA VISCONDE DE TAMANDARE,481,CENTRO,3278-5908,-239665203.0,-463900932.0,ATENDIMENTOS NOS TURNOS DA MANHA E A TARDE,0.0,0.0,0.0,0.0,0.0,0.0,NAO
RENASCER SERVICOS MEDICOS LTDA SAO VICENTE,11310290,R SANTA CRUZ,134,CENTRO,34662175,-23965664.0,-46376794.0,ATENDIMENTOS NOS TURNOS DA MANHA E A TARDE,0.0,0.0,0.0,0.0,1.0,0.0,NAO
SORRIDENTS CLINICAS ODONTOLOGICAS SAO VICENTE,11310400,RUA XV DE NOVEMBRO,81,CENTRO,34663058,-23967884.0,-46387433.0,"ATENDIMENTO NOS TURNOS DA MANHA, TARDE E NOITE",0.0,0.0,0.0,0.0,1.0,0.0,NAO
ODONTOCOMPANY SAO VICENTE,11310050,RUA JOAO RAMALHO,560,CENTRO,,-2396593.0,-46383041.0,ATENDIMENTOS NOS TURNOS DA MANHA E A TARDE,0.0,0.0,0.0,0.0,1.0,0.0,NAO
DENTISTE ODONTOLOGIA SAO VICENTE,11320060,AMADOR BUENO DA RIBEIRA,64,CENTRO,13 33953521,-23968181.0,-46377871.0,ATENDIMENTOS NOS TURNOS DA MANHA E A TARDE,0.0,0.0,0.0,0.0,1.0,0.0,NAO
FARMA CONDE FILIAL 462 SV,11310040,PADRE ANCHIETA,454,CENTRO,12 39324721,-239663474386.0,-463837972283.0,"ATENDIMENTO NOS TURNOS DA MANHA, TARDE E NOITE",,,,,1.0,0.0,NAO
CLINICA DE OLHOS EDUARDO PAULINO SAO VICENTE,11310061,FREI GASPAR,790,CENTRO,13 32217260,-239652248939.0,-463869863749.0,ATENDIMENTOS NOS TURNOS DA MANHA E A TARDE,0.0,0.0,0.0,0.0,1.0,0.0,NAO
DROGASIL DS0775 SV,11320000,PRESIDENTE WILSON,962,CENTRO,11 37695731,-239673180152.0,-463775986433.0,"ATENDIMENTO NOS TURNOS DA MANHA, TARDE E NOITE",0.0,0.0,0.0,0.0,0.0,0.0,NAO
DROGARAIA LJ0163 SV,11310913,PRESIDENTE WILSON,256,CENTRO,11 37695731,-239702027574.0,-463715995188.0,"ATENDIMENTO NOS TURNOS DA MANHA, TARDE E NOITE",0.0,0.0,0.0,0.0,0.0,0.0,NAO
DALSON NERY CAIVANO SAO VICENTE,11310061,RUA FREI GASPAR,637,CENTRO,34684519,-23966127.0,-4638568.0,ATENDIMENTOS NOS TURNOS DA MANHA E A TARDE,0.0,0.0,0.0,0.0,1.0,0.0,NAO
CLINICA MEDICA IPIRANGA SAO VICENTE,11320120,RANGEL PESTANA,209,CENTRO,13 34664255,-239711092.0,-463734039.0,ATENDIMENTOS NOS TURNOS DA MANHA E A TARDE,0.0,0.0,0.0,0.0,1.0,0.0,NAO
PRO SAUDE VACINAS E APLICACOES,11320001,AVENIDA PRESIDENTE WILSON,1473,CENTRO,1334661378,-239655778348.0,-463821154833.0,ATENDIMENTOS NOS TURNOS DA MANHA E A TARDE,0.0,0.0,0.0,0.0,1.0,0.0,NAO
JOAO FERNANDO CESAR GONCALVES DO NASCIMENTO SAO VICENTE,11310040,RUA PADRE ANCHIETA,64,CENTRO,34742109,-22.8981158,-43.1220392,ATENDIMENTOS NOS TURNOS DA MANHA E A TARDE,0.0,0.0,0.0,0.0,1.0,0.0,NAO
BIO LABORATORIO DE ANALISES CLINICAS DE SANTOS SAO VICENTE,11320001,AV PRESIDENTE WILSON,1473,CENTRO,32518080,-239652649409.0,-4638214155.0,ATENDIMENTOS NOS TURNOS DA MANHA E A TARDE,0.0,0.0,0.0,0.0,1.0,0.0,NAO
R R M PSICOLOGIA LTDA ME SAO VICENTE,11310050,JOAO RAMALHO,803,CENTRO,13 34663823,-2396503.0,-46385326.0,ATENDIMENTOS NOS TURNOS DA MANHA E A TARDE,0.0,0.0,0.0,0.0,1.0,0.0,NAO
CLINICA DE IMAGEM SAO VICENTE SAO VICENTE,11310421,IPIRANGA,339,CENTRO,13 34692226,-239651806.0,-463874348.0,ATENDIMENTOS NOS TURNOS DA MANHA E A TARDE,0.0,0.0,0.0,0.0,0.0,0.0,NAO
CLINICA CDAD JCC,11310902,FREI GASPAR,790,CENTRO,13 32192524,-239653523449.0,-463863533735.0,ATENDIMENTOS NOS TURNOS DA MANHA E A TARDE,0.0,0.0,0.0,0.0,1.0,0.0,NAO
INSTITUTO INCLUSAO BRASIL SAO VICENTE,11310070,RUA JACOB EMERICK,365,CENTRO,1334663504,-2396776.0,-46385015.0,"ATENDIMENTO NOS TURNOS DA MANHA, TARDE E NOITE",0.0,0.0,0.0,0.0,1.0,0.0,NAO
INSTITUTO DE LASERTERAPIA MED LASER LTDA SAO VICENTE,11310060,RUA FREI GASPAR,147,CENTRO,1335694242,-2396822.0,-46381569.0,ATENDIMENTOS NOS TURNOS DA MANHA E A TARDE,0.0,0.0,0.0,0.0,1.0,0.0,SIM
MARJORY ALFARO NASCIMENTO SAO VICENTE,11310200,AV CAPITAO MOR AGUIAR,210,CENTRO,1330347605,-239690724.0,-463917071.0,ATENDIMENTOS NOS TURNOS DA MANHA E A TARDE,0.0,0.0,0.0,0.0,1.0,0.0,NAO
LA LUMIERE PSICOLOGIA SAO VICENTE,11310071,RUA JACOB EMERICK,365,CENTRO,13 997161690,-239650115.0,-463915472.0,ATENDIMENTOS NOS TURNOS DA MANHA E A TARDE,0.0,0.0,0.0,0.0,1.0,0.0,NAO
PSICOLORINDO CLINICA DE PSICOLOGIA SAO VICENTE,11310400,RUA QUINZE DE NOVEMBRO,576,CENTRO,1330130049,-23963704.0,-46385425.0,"ATENDIMENTO NOS TURNOS DA MANHA, TARDE E NOITE",0.0,0.0,0.0,0.0,1.0,0.0,NAO
DR EXAMINA SAO VICENTE,11320020,RUA TIBIRICA,160,CENTRO,13 33047976,-239673762.0,-463830968.0,ATENDIMENTOS NOS TURNOS DA MANHA E A TARDE,0.0,0.0,0.0,0.0,1.0,0.0,NAO
LABORATORIO DR LEAO DE MOURA SAO VICENTE,11310421,IPIRANGA,321,CENTRO,13 32221768,-23964812.0,-46387413.0,ATENDIMENTOS NOS TURNOS DA MANHA E A TARDE,0.0,0.0,0.0,0.0,1.0,0.0,NAO
LABORATORIO SANTA CLARA SAO VICENTE,11310040,PADRE ANCHIETA,224,CENTRO,13 32785908,-23968164.0,-46384882.0,ATENDIMENTOS NOS TURNOS DA MANHA E A TARDE,0.0,0.0,0.0,0.0,0.0,0.0,NAO
MEDSEG SAO VICENTE,11310070,RUA JACOB EMERICK,1074,CENTRO,1330431041,-23964798.0,-46390923.0,ATENDIMENTOS NOS TURNOS DA MANHA E A TARDE,0.0,0.0,0.0,0.0,1.0,0.0,NAO
JULIANA CRUZ FERNANDES SAO VICENTE,11310061,RUA FREI GASPAR,637,CENTRO,13996188414,-23966058.0,-4638569.0,ATENDIMENTO SOMENTE A TARDE,0.0,0.0,0.0,0.0,1.0,0.0,NAO
MARIA LUISA SAMPERE SERNA CRUZ SAO VICENTE,11320915,AV PRESIDENTE WILSON,1473,CENTRO,(13)34691989,-23965412.0,-4638224.0,ATENDIMENTOS NOS TURNOS DA MANHA E A TARDE,0.0,0.0,0.0,0.0,1.0,0.0,NAO
I T CAVALCANTE CLINICA SAO VICENTE,11310421,RUA IPIRANGA,345,CENTRO,1340421570,-239645974411.0,-463874745369.0,ATENDIMENTOS NOS TURNOS DA MANHA E A TARDE,0.0,0.0,0.0,0.0,1.0,0.0,NAO
CLINICA FARES SAO VICENTE,11310040,R QUINZE DE NOVEMBRO,176,CENTRO,1139863503,-239631703.0,-463852566.0,ATENDIMENTOS NOS TURNOS DA MANHA E A TARDE,0.0,0.0,0.0,0.0,1.0,0.0,NAO
CONSULTORIO DE PSICOLOGIA VITALITE SAUDE SAO VICENTE,11310060,RUA FREI GASPAR,637,CENTRO,13991056373,-239497554.0,-464118183.0,ATENDIMENTOS NOS TURNOS DA MANHA E A TARDE,0.0,0.0,0.0,0.0,0.0,0.0,NAO
CLINICA IPIRANGA LTDA SAO VICENTE,11320110,RUA GONCALO MONTEIRO,154,CENTRO,1334689912,-239687.0,-463730926.0,ATENDIMENTOS NOS TURNOS DA MANHA E A TARDE,0.0,0.0,0.0,0.0,1.0,0.0,NAO
MARIA BEATRIZ ESTOGIO SILVA SAO VICENTE,11310071,RUA JACOB EMERICK,365,CENTRO,13996256002,-239650115.0,-463915472.0,"ATENDIMENTO NOS TURNOS DA MANHA, TARDE E NOITE",0.0,0.0,0.0,0.0,0.0,0.0,NAO
E T S FISIOTERAPIA SAO VICENTE,11310061,RUA FREI GASPAR,739,CENTRO,1334612270,-23965628.0,-46386671.0,"ATENDIMENTO NOS TURNOS DA MANHA, TARDE E NOITE",0.0,0.0,0.0,0.0,1.0,0.0,NAO
DOMINIO IMAGEM SAO VICENTE,11310040,RUA PADRE ANCHIETA,224,CENTRO,1334714143,-23968142.0,-46384879.0,ATENDIMENTOS NOS TURNOS DA MANHA E A TARDE,0.0,0.0,0.0,0.0,1.0,0.0,NAO
CSS EXAMES PSICOTECNICOS SAO VICENTE,11310400,RUA QUINZE DE NOVEMBRO,576,CENTRO,13988100626,-23963728.0,-46385414.0,ATENDIMENTOS NOS TURNOS DA MANHA E A TARDE,0.0,0.0,0.0,0.0,1.0,0.0,NAO
DANIELA MARIA BUENO DE VARGAS SAO VICENTE,11310400,RUA QUINZE DE NOVEMBRO,576,CENTRO,1334665401,-23963706.0,-46385435.0,ATENDIMENTO SOMENTE A TARDE,0.0,0.0,0.0,0.0,1.0,0.0,NAO
SAMU 192 SAO VICENTE 8,11355230,PRACA IMIGRACAO JAPONESA,S/N,CIDADE NAUTICA,1334637876,-23950627.0,-46406641.0,"ATENDIMENTO CONTINUO DE 24 HORAS/DIA (PLANTAO:INCLUI SABADOS, DOMINGOS E FERIADOS)",,,,,0.0,0.0,NAO
UNIDADE BASICA DE SAUDE TANCREDO NEVES SAO VICENTE,11350560,RUA LUIZ MEIRELES DE ARAUJO,160,CIDADE NAUTICA,(13)34641262,-239416158403.0,-464190812685.0,ATENDIMENTOS NOS TURNOS DA MANHA E A TARDE,0.0,0.0,0.0,0.0,1.0,0.0,SIM
PRONTO ATENDIMENTO CIDADE NAUTICA SAO VICENTE,11310000,PRACA IMIGRACAO JAPONESA,S/N,CIDADE NAUTICA,(13)34642700,-23.9511168,-46.4062141,"ATENDIMENTO CONTINUO DE 24 HORAS/DIA (PLANTAO:INCLUI SABADOS, DOMINGOS E FERIADOS)",0.0,0.0,0.0,0.0,1.0,0.0,NAO
UNIDADE BASICA DE SAUDE NAUTICA III SAO VICENTE,11340380,RUA NICOLAU PATRICIO MOREIRA,225,CIDADE NAUTICA,1334638266,-239543155.0,-464158961.0,ATENDIMENTOS NOS TURNOS DA MANHA E A TARDE,0.0,0.0,0.0,0.0,1.0,0.0,SIM
SAMU 192 SAO VICENTE 1,11355230,PRACA IMIGRACAO JAPONESA,S/N,CIDADE NAUTICA,1334637876,-23950617.0,-46406652.0,"ATENDIMENTO CONTINUO DE 24 HORAS/DIA (PLANTAO:INCLUI SABADOS, DOMINGOS E FERIADOS)",,,,,0.0,0.0,NAO
SAMU 192 SAO VICENTE 3,11355230,PRACA IMIGRACAO JAPONESA,S/N,CIDADE NAUTICA,1334637876,-23950607.0,-46406641.0,"ATENDIMENTO CONTINUO DE 24 HORAS/DIA (PLANTAO:INCLUI SABADOS, DOMINGOS E FERIADOS)",,,,,0.0,0.0,NAO
SAMU 192 SAO VICENTE 4,11355230,PRACA IMIGRACAO JAPONESA,S/N,CIDADE NAUTICA,1334637876,-23.9511168,-46.4062141,"ATENDIMENTO CONTINUO DE 24 HORAS/DIA (PLANTAO:INCLUI SABADOS, DOMINGOS E FERIADOS)",,,,,0.0,0.0,NAO
SAMU 192 SAO VICENTE 6,11355230,PRACA IMIGRACAO JAPONESA,S/N,CIDADE NAUTICA,,-23951077.0,-464063359.0,"ATENDIMENTO CONTINUO DE 24 HORAS/DIA (PLANTAO:INCLUI SABADOS, DOMINGOS E FERIADOS)",,,,,0.0,0.0,NAO
SEST SENAT UNIDADE B N51 SV,11340265,ADALBERTO PANZAN,151,CIDADE NAUTICA III,61 33157000,-239519031209.0,-464163431525.0,"ATENDIMENTO NOS TURNOS DA MANHA, TARDE E NOITE",0.0,0.0,0.0,0.0,1.0,0.0,NAO
HOSPITAL DR OLAVO HORNEAUX DE MOURA SAO VICENTE,11349000,RUA ALFREDO SCHAMMAS,S/N,CJTO HUMAITA,1334061822,-23949914.0,-4645965.0,"ATENDIMENTO CONTINUO DE 24 HORAS/DIA (PLANTAO:INCLUI SABADOS, DOMINGOS E FERIADOS)",0.0,0.0,0.0,0.0,1.0,1.0,SIM
DROGAFARMA HUMAITA SV,11349390,HATCHIC ARMENIO CAICHJIAN,232,CONJUNTO RESIDENCIAL,13 30224716,-239495106936.0,-464594623446.0,ATENDIMENTOS NOS TURNOS DA MANHA E A TARDE,0.0,0.0,0.0,0.0,1.0,0.0,NAO
SORRIDENTS CLINICAS ODONTOLOGICAS SV,11340100,SENADOR CESARIO BASTOS,225,ESPLANADA DOS BARREI,18 98266150,-239577712435.0,-464019584656.0,ATENDIMENTOS NOS TURNOS DA MANHA E A TARDE,0.0,0.0,0.0,0.0,0.0,0.0,NAO
ESF ESPLANADA DOS BARREIROS SAO VICENTE,11330750,AV BRASIL,S/N,ESPLANADA DOS BARREI,1334641257,-239653309.0,-464134111.0,ATENDIMENTOS NOS TURNOS DA MANHA E A TARDE,0.0,0.0,0.0,0.0,1.0,0.0,SIM
POSTO DE ENFERMAGEM DO GONZAGUINHA SAO VICENTE,11320440,AV EMBAIXADOR PEDRO DE TOLEDO,S/N,GONZAGUINHA,1334663605,-23970567.0,-46383927.0,ATENDIMENTOS NOS TURNOS DA MANHA E A TARDE,0.0,0.0,0.0,0.0,1.0,0.0,NAO
ORLANDO FERREIRA DA COSTA SAO VICENTE,11320060,AMADOR BUENO DA RIBEIRA,64,GONZAGUINHA,(13)34681270,-23.9649861,-46.3761608,ATENDIMENTOS NOS TURNOS DA MANHA E A TARDE,0.0,0.0,0.0,0.0,1.0,0.0,NAO
BEAUTY GRAF CENTER SAO VICENTE,11320110,GONCALO MONTEIRO,189,GONZAGUINHA,(13)34697846,-23.9691548,-46.3733805,ATENDIMENTOS NOS TURNOS DA MANHA E A TARDE,0.0,0.0,0.0,0.0,1.0,0.0,NAO
BIOMEGA MEDICINA DIAGNOSTICA SAO VICENTE,11310060,FREI GASPAR,147,GONZAGUINHA,11 41345544,-239682493697.0,-463809889555.0,ATENDIMENTOS NOS TURNOS DA MANHA E A TARDE,0.0,0.0,0.0,0.0,0.0,0.0,NAO
IMUVI INSTITUTO DE MEDICINA HUMANAE VITAE SV,11320040,DOUTOR AMERICO BRASILIENSE,307,GONZAGUINHA,11 35316666,-239655729328.0,-463793367147.0,"ATENDIMENTO NOS TURNOS DA MANHA, TARDE E NOITE",0.0,0.0,0.0,0.0,1.0,0.0,NAO
ESF HUMAITA SAO VICENTE,11349370,RUA ALFREDO NEVES,319,HUMAITA,1334062870,-239502162049.0,-464600137152.0,ATENDIMENTOS NOS TURNOS DA MANHA E A TARDE,0.0,0.0,0.0,0.0,1.0,0.0,SIM
CAD CENTRO APOIO E DIAGNOSTICO SAO VICENTE,11349000,RUA JOSE SINGER,S/N,HUMAITA,(13)34061142,-23948823.0,-46461355.0,ATENDIMENTOS NOS TURNOS DA MANHA E A TARDE,,,,,0.0,0.0,SIM
PRONTO ATENDIMENTO HUMAITA SAO VICENTE,11349000,RUA JOSE SINGER,S/N,HUMAITA,(13)35658700,-23949644.0,-46459475.0,"ATENDIMENTO CONTINUO DE 24 HORAS/DIA (PLANTAO:INCLUI SABADOS, DOMINGOS E FERIADOS)",0.0,0.0,0.0,0.0,1.0,0.0,SIM
GLAUCIRA PECE VENTURA SAO VICENTE,11349000,DR JOSE SINGER,387,HUMAITA,(13)35642269,-23.9489767,-46.4613292,ATENDIMENTO SOMENTE A TARDE,0.0,0.0,0.0,0.0,1.0,0.0,NAO
ACADEMIA DA SAUDE HUMAITA,11349190,PRACA SEBASTIAO AUGUSTO DA SILVA,S/N,HUMAITA,35695714,-23952639.0,-46454035.0,ATENDIMENTOS NOS TURNOS DA MANHA E A TARDE,,,,,1.0,0.0,NAO
RONNY TRAVASSOS AZURZA,11320230,R JOAO JOSE FLORINDO DA SILVA,27,ITARARE,,-23967373.0,-4638449.0,ATENDIMENTOS NOS TURNOS DA MANHA E A TARDE,0.0,0.0,0.0,0.0,0.0,0.0,NAO
I U G C SAO VICENTE,11320001,AV PRESIDENTE WILSON,1033,ITARARE,(13)34676566,-239673041334.0,-463785933187.0,ATENDIMENTOS NOS TURNOS DA MANHA E A TARDE,0.0,0.0,0.0,0.0,1.0,0.0,NAO
CLINICA DE OLHOS CARVALHO SAO VICENTE,11320001,AVENIDA PRESIDENTE WILSON,1473,ITARARE,(13)34671224,-239653201472.0,-463821879322.0,ATENDIMENTOS NOS TURNOS DA MANHA E A TARDE,0.0,0.0,0.0,0.0,1.0,0.0,NAO
CARLOS SARKISSIAN SOBRINHO SAO VICENTE,11310090,AVENIDA PRESIDENTE WILSON,1081,ITARARE,(13)34685661,-239670756294.0,-463789219747.0,ATENDIMENTOS NOS TURNOS DA MANHA E A TARDE,0.0,0.0,0.0,0.0,1.0,0.0,NAO
ROSANGELA SOARES MOREIRA SAO VICENTE,11310100,AV PRESIDENTE WILSON,89,ITARARE,(13)34673808,-23971713.0,-46370463.0,ATENDIMENTOS NOS TURNOS DA MANHA E A TARDE,0.0,0.0,0.0,0.0,1.0,0.0,NAO
CLINICA MEDICA GADDINI LTDA SAO VICENTE,11310100,AV PRESIDENTE WILSON,1033,ITARARE,(13)34676566,-239673335447.0,-463785504035.0,ATENDIMENTOS NOS TURNOS DA MANHA E A TARDE,0.0,0.0,0.0,0.0,1.0,0.0,NAO
ECELD MEDICINA E SAUDE LTDA SAO VICENTE,11320001,AV PRESIDENTE WILSON,1033,ITARARE,(13)34676566,-23967385.0,-46378557.0,ATENDIMENTOS NOS TURNOS DA MANHA E A TARDE,0.0,0.0,0.0,0.0,1.0,0.0,NAO
AMOR SAUDE CLINICA ODONTOLOGICA SAO VICENTE,11320130,MESSIA ASSU,443,ITARARE,31 97813987,-239707312.0,-463715383.0,ATENDIMENTOS NOS TURNOS DA MANHA E A TARDE,0.0,0.0,0.0,0.0,0.0,0.0,NAO
DROGARAIA LJ0640 SV,11320001,PRESIDENTE WILSON,1169,ITARARE,13996160085,-239668033164.0,-463796639442.0,"ATENDIMENTO NOS TURNOS DA MANHA, TARDE E NOITE",,,,,1.0,0.0,NAO
CLINICA PELLEGRINI SAO VICENTE,11320080,FREITAS GUIMARAES,445,ITARARE,13 96712135,-239688424919.0,-463730174303.0,"ATENDIMENTO NOS TURNOS DA MANHA, TARDE E NOITE",0.0,0.0,0.0,0.0,1.0,0.0,NAO
VANIA LUCIA NOGUEIRA MENDES TAGLIARINI SAO VICENTE,11320001,AV PRESIDENTE WILSON,1473,ITARARE,(13) 34696965,-2396543.0,-46382232.0,ATENDIMENTOS NOS TURNOS DA MANHA E A TARDE,0.0,0.0,0.0,0.0,1.0,0.0,NAO
CLINICA MICHELLA CHAYAMITI SAO VICENTE,11320001,AVENIDA PRESIDENTE WILSON,1033,ITARARE,81165181,-23.9677395,-46.3481864,ATENDIMENTOS NOS TURNOS DA MANHA E A TARDE,0.0,0.0,0.0,0.0,1.0,0.0,NAO
POSTO DE ENFERMAGEM DO ITARARE SAO VICENTE,11321000,AV AYRTON SENNA DA SILVA,S/N,ITARARE,1334676649,-23972133.0,-46368856.0,ATENDIMENTO SOMENTE PELA MANHA,0.0,0.0,0.0,0.0,0.0,0.0,NAO
FUNDACAO PLURAL SAO VICENTE,11320001,AV PRES WILSON,1033,ITARARE,34663692,-23.9677395,-46.3481864,ATENDIMENTOS NOS TURNOS DA MANHA E A TARDE,0.0,0.0,0.0,0.0,1.0,0.0,NAO
ASSOCIACAO PLURAL SAO VICENTE,11320001,AV PRES WILSON,1033,ITARARE,34663692,-23.9677395,-46.3481864,ATENDIMENTOS NOS TURNOS DA MANHA E A TARDE,0.0,0.0,0.0,0.0,1.0,0.0,NAO
NOTRE DAME INTERMEDICA SAUDE AMBULATORIO SAO VICENTE,11320001,AV PRESIDENTE WILSON,199,ITARARE,1335693200,-239688179828.0,-463756942749.0,ATENDIMENTOS NOS TURNOS DA MANHA E A TARDE,0.0,0.0,0.0,0.0,1.0,0.0,NAO
OFTALMOCENTER SAO VICENTE,11320160,R ONZE DE JUNHO,96,ITARARE,1338780333,-23.9711727,-46.3733336,ATENDIMENTOS NOS TURNOS DA MANHA E A TARDE,0.0,0.0,0.0,0.0,0.0,0.0,NAO
SAMU 192 SAO VICENTE 5,11321000,AVENIDA AYRTON SENNA,S/N,ITARARE,34631915,-23972157.0,-46368835.0,"ATENDIMENTO CONTINUO DE 24 HORAS/DIA (PLANTAO:INCLUI SABADOS, DOMINGOS E FERIADOS)",,,,,0.0,0.0,NAO
DERMA REUMA CLINICA ESPECIALIZADA LTDA SAO VICENTE,11320910,AV PRESIDENTE WILSON,89,ITARARE,13 34685192,-239686624.0,-46375718.0,ATENDIMENTOS NOS TURNOS DA MANHA E A TARDE,0.0,0.0,0.0,0.0,0.0,0.0,NAO
PCF SAUDE INTEGRATIVA SV,11320001,PRESIDENTE WILSON,1473,ITARARE,13 96401004,-239655092075.0,-46382163763.0,ATENDIMENTOS NOS TURNOS DA MANHA E A TARDE,0.0,0.0,0.0,0.0,1.0,0.0,NAO
JULIA BITTENCOURT NUTRICIONISTA SAO VICENTE,11320202,AV MANOEL DA NOBREGA,1439,ITARARE,1336180913,-239681617093.0,-463601340736.0,ATENDIMENTOS NOS TURNOS DA MANHA E A TARDE,0.0,0.0,0.0,0.0,0.0,0.0,NAO
AMOR SAUDE SAO VICENTE,11320130,MESSIA ASSU,443,ITARARE,13 35693700,-239729558.0,-463729507.0,ATENDIMENTOS NOS TURNOS DA MANHA E A TARDE,0.0,0.0,0.0,0.0,0.0,0.0,NAO
AME AMBULATORIO MEDICO DE ESPECIALIDADES DE SAO VICENTE,11320001,AVENIDA PRESIDENTE WILSON,291,ITARARE,(13) 3569-4100,-239710309.0,-463709772.0,ATENDIMENTOS NOS TURNOS DA MANHA E A TARDE,1.0,0.0,0.0,1.0,1.0,1.0,SIM
ODONTO PRAIA SAO VICENTE,11320160,RUA ONZE DE JUNHO,292,ITARARE,1334675553,-23971306.0,-46372543.0,ATENDIMENTOS NOS TURNOS DA MANHA E A TARDE,0.0,0.0,0.0,0.0,1.0,0.0,NAO
ESF JAPUI SAO VICENTE,11325000,AV TUPINIQUINS,S/N,JAPUI,(13)35671344,-23984736.0,-4639504.0,ATENDIMENTOS NOS TURNOS DA MANHA E A TARDE,0.0,0.0,0.0,0.0,1.0,0.0,SIM
UNIDADE BASICA DE SAUDE JARDIM GUASSU SAO VICENTE,11370580,RUA LAGARTO,101,JARDIM GUASSU,(13)35612004,-23951725.0,-46380155.0,ATENDIMENTOS NOS TURNOS DA MANHA E A TARDE,0.0,0.0,0.0,0.0,1.0,0.0,SIM
ADRIANA PEREIRA MANTOVANELLI SAO VICENTE,11380001,AVENIDA PREFEITO JOSE MONTEIRO,765,JARDIM INDEPENDENCIA,35611797,-239641685166.0,-463717621565.0,ATENDIMENTOS NOS TURNOS DA MANHA E A TARDE,0.0,0.0,0.0,0.0,1.0,0.0,NAO
FARMA CONDE FILIAL 133 SV,11380001,PREFEITO JOSE MONTEIRO,587,JARDIM INDEPENDENCIA,12 39324721,-239640116524.0,-463723039627.0,"ATENDIMENTO NOS TURNOS DA MANHA, TARDE E NOITE",,,,,1.0,0.0,NAO
DROGARIA CARREFOUR DSV,11380001,PREFEITO JOSE MONTEIRO,1045,JARDIM INDEPENDENCIA,11 37796000,-239674111509.0,-463695466518.0,"ATENDIMENTO NOS TURNOS DA MANHA, TARDE E NOITE",,,,,1.0,0.0,NAO
CATUENSE SAO VICENTE,11347590,DA MARKET,810,JARDIM IRMA DOLORES,13 974184177,-239727344826.0,-464490365982.0,ATENDIMENTOS NOS TURNOS DA MANHA E A TARDE,0.0,0.0,0.0,0.0,1.0,0.0,NAO
DRIELEN CARVALHO S DE PAULA PSICOLOGA SV,11370610,SAO CRISTOVAO,75,JARDIM PARAISO,13 96736478,-23951645741.0,-463825714588.0,"ATENDIMENTO NOS TURNOS DA MANHA, TARDE E NOITE",0.0,0.0,0.0,0.0,0.0,0.0,NAO
ESF RIO BRANCO II E III SAO VICENTE,11347150,RUA EDUARDO CACAO,S/N,JARDIM RIO BRANCO,1335661188,-23980961.0,-46473008.0,ATENDIMENTOS NOS TURNOS DA MANHA E A TARDE,0.0,0.0,0.0,0.0,1.0,0.0,SIM
ESF JARDIM RIO BRANCO SAO VICENTE,11347020,RUA ANTONIO RISCALLE HUSNE,1760,JARDIM RIO BRANCO,1335662773,-239793252.0,-464706032.0,ATENDIMENTOS NOS TURNOS DA MANHA E A TARDE,0.0,0.0,0.0,0.0,1.0,0.0,SIM
PRONTO SOCORRO RIO BRANCO SAO VICENTE,11347000,AV DEPUTADO ULISSES GUIMARAES,721,JARDIM RIO BRANCO,,-239799557.0,-464732449.0,"ATENDIMENTO CONTINUO DE 24 HORAS/DIA (PLANTAO:INCLUI SABADOS, DOMINGOS E FERIADOS)",0.0,0.0,0.0,0.0,1.0,0.0,SIM
CAPS II JARDIM RIO BRANCO CENTRO DE ATENCAO PSICOSSOCIAL,11347040,RUA DONALD ALEXANDRE KEALMAN,S/N,JARDIM RIO BRANCO,1335767674,-239809524.0,-464742047.0,ATENDIMENTOS NOS TURNOS DA MANHA E A TARDE,0.0,0.0,0.0,0.0,1.0,0.0,NAO
CENTRO DE AT ESP SAUDE DA PESSOA COM DEF REABILITAR II SV,11347000,AV DR ULISSES GUIMARAES,601,JARDIM RIO BRANCO,1335765804,-23982251.0,-46470455.0,ATENDIMENTOS NOS TURNOS DA MANHA E A TARDE,0.0,0.0,0.0,0.0,1.0,0.0,SIM
CEO III JD RIO BRANCO SAO VICENTE,11347000,AV DEPUTADO ULISSES GUIMARAES,1431,JARDIM RIO BRANCO,1335661713,-239832739581.0,-46468524461.0,ATENDIMENTOS NOS TURNOS DA MANHA E A TARDE,0.0,0.0,0.0,0.0,1.0,0.0,SIM
FARMA CONDE FILIAL 396 SV,11347520,IRMA DOLORES,1005,JARDIM RIO BRANCO,12 39324721,-239842136998.0,-464625656605.0,"ATENDIMENTO NOS TURNOS DA MANHA, TARDE E NOITE",,,,,1.0,0.0,NAO
DROGARAIA LJ 1920 SV,11347000,DEPUTADO ULISSES GUIMARAES,1607,JARDIM RIO BRANCO,11 37695731,-239844097493.0,-464669752121.0,"ATENDIMENTO NOS TURNOS DA MANHA, TARDE E NOITE",0.0,0.0,0.0,0.0,1.0,0.0,NAO
WLADEMIR PATARO DE CASTRO SAO VICENTE,11347000,AVENIDA DEPUTADO ULISSES GUIMARAES,1547,JARDIM RIO BRANCO,,-239839289535.0,-464674982745.0,ATENDIMENTOS NOS TURNOS DA MANHA E A TARDE,0.0,0.0,0.0,0.0,0.0,0.0,NAO
E S F JARDIM RIO NEGRO,11347430,RUA E,110,JARDIM RIO NEGRO,35668321,-23985097.0,-46462524.0,ATENDIMENTOS NOS TURNOS DA MANHA E A TARDE,0.0,0.0,0.0,0.0,1.0,0.0,SIM
LUIZ ALBERTO RIBEIRO BRAS SAO VICENTE,11370350,RUA FRANCISCO SILVA SANTOS,20,JD GUASSU,(13)34664248,-23.9515301,-46.376334,ATENDIMENTOS NOS TURNOS DA MANHA E A TARDE,0.0,0.0,0.0,0.0,1.0,0.0,NAO
CAPS I CENTRO DE ATENCAO PSICOSSOCIAL INFANTIL SAO VICENTE,11370540,RUA SANTO ANTONIO,64,JD GUASSU,1334669813,-2395249.0,-46374908.0,ATENDIMENTOS NOS TURNOS DA MANHA E A TARDE,0.0,0.0,0.0,0.0,1.0,0.0,SIM
ODONTO SPECIALITTE SAO VICENTE,11380510,RUA BERTA CRAVEIRO LOPES,36,JD INDEPENDENCIA,1335613842,-239616804.0,-463746192.0,"ATENDIMENTO NOS TURNOS DA MANHA, TARDE E NOITE",0.0,0.0,0.0,0.0,1.0,0.0,NAO
UNIERO RADIOLOGIA,11380510,RUA BERTA CRAVEIROS LOPES,40,JD INDEPENDENCIA,1333243296,-23963159.0,-46374237.0,"ATENDIMENTO NOS TURNOS DA MANHA, TARDE E NOITE",0.0,0.0,0.0,0.0,1.0,0.0,NAO
UBIRAJARA DE MELLO JUNIOR SAO VICENTE,11380510,RUA BERTA CRAVEIRO LOPES,36,JD INDEPENDENCIA,(13)35611430,-239616804.0,-463746192.0,"ATENDIMENTO NOS TURNOS DA MANHA, TARDE E NOITE",0.0,0.0,0.0,0.0,1.0,0.0,NAO
MARYANE SASSI TELLES BAPTISTA SAO VICENTE,11380001,AV PREFEITO JOSE MONTEIRO,577,JD INDEPENDENCIA,(13)30214984,-239632351.0,-463750358.0,ATENDIMENTOS NOS TURNOS DA MANHA E A TARDE,0.0,0.0,0.0,0.0,1.0,0.0,NAO
TOPFISIO CLINICA DE FISIOTERAPIA LTDA SAO VICENTE,11380000,AV PREFEITO JOSE MONTEIRO,844,JD INDEPENDENCIA,34698765,-239653011511.0,-46370831961.0,ATENDIMENTOS NOS TURNOS DA MANHA E A TARDE,0.0,0.0,0.0,0.0,1.0,0.0,NAO
PRISCILLA KATHERINE DE CARVALHO,11380001,AV PREFEITO JOSE MONTEIRO,765,JD INDEPENDENCIA,35612519,-23.9632161,-46.3750197,ATENDIMENTOS NOS TURNOS DA MANHA E A TARDE,0.0,0.0,0.0,0.0,1.0,0.0,NAO
UNIDADE DE SAUDE DA MULHER DAVID CAPISTRANO SAO VICENTE,11347725,RUA SALVADOR,60,JD IRMA DOLORES,1335765828,-23980172.0,-46451803.0,ATENDIMENTOS NOS TURNOS DA MANHA E A TARDE,0.0,0.0,0.0,0.0,1.0,0.0,SIM
PATRICIA DUARTE IGNACIO DE SOUZA SAO VICENTE,11370570,RUA PROPRIA,114,JD PARAISO,13 30289291,-23.951714,-46.3789648,ATENDIMENTOS NOS TURNOS DA MANHA E A TARDE,0.0,0.0,0.0,0.0,1.0,0.0,NAO
CENTRO MEDICO POPULAR DE SAO VICENTE,11347000,AV DEPUTADO ULISSES GUIMARAES,1443,JD RIO BRANCO,1333290029,-23983278.0,-46468887.0,ATENDIMENTOS NOS TURNOS DA MANHA E A TARDE,0.0,0.0,0.0,0.0,0.0,0.0,NAO
HOSPITAL DE CAMPANHA COVID 19 SV CONTINENTAL,11347070,RUA JOSE FAGUNDES BEZERRA,S/N,JD RIO BRANCO,,-23971702.0,-46477487.0,"ATENDIMENTO CONTINUO DE 24 HORAS/DIA (PLANTAO:INCLUI SABADOS, DOMINGOS E FERIADOS)",0.0,0.0,0.0,0.0,1.0,1.0,SIM
SAMU 192 SAO VICENTE 9,11347000,AV ULISSES GUIMARAES,231,JD RIO BRANCO,1335760245,-23976426.0,-46477743.0,"ATENDIMENTO CONTINUO DE 24 HORAS/DIA (PLANTAO:INCLUI SABADOS, DOMINGOS E FERIADOS)",,,,,0.0,0.0,NAO
SAMU 192 MOTOLANCIA 2 SAO VICENTE,11347000,AV ULISSES GUIMARAES,231,JD RIO BRANCO,(13)3576-0245,-2397629.0,-46477574.0,"ATENDIMENTO CONTINUO DE 24 HORAS/DIA (PLANTAO:INCLUI SABADOS, DOMINGOS E FERIADOS)",,,,,0.0,0.0,NAO
SAMU 192 MOTOLANCIA 1 SAO VICENTE,11347000,AV ULISSES GUIMARAES,231,JD RIO BRANCO,(13)3576-0245,-2397629.0,-46477574.0,"ATENDIMENTO CONTINUO DE 24 HORAS/DIA (PLANTAO:INCLUI SABADOS, DOMINGOS E FERIADOS)",,,,,0.0,0.0,NAO
SAMU 192 MOTOLANCIA 3 SAO VICENTE,11347000,AV ULISSES GUIMARAES,231,JD RIO BRANCO,(13)3576-0245,-2397629.0,-46477574.0,"ATENDIMENTO CONTINUO DE 24 HORAS/DIA (PLANTAO:INCLUI SABADOS, DOMINGOS E FERIADOS)",,,,,0.0,0.0,NAO
FARMACIA POPULAR DO BRASIL SAO VICENTE,11347000,AV ULISSES GUIMARAES,791,JD RIO BRANCO,35767913,-23.9803632,-46.4727004,ATENDIMENTOS NOS TURNOS DA MANHA E A TARDE,,,,,1.0,0.0,NAO
CLINICA MEDICA DRA MICHELE MELO SAO VICENTE,11347000,AV DEPUTADO ULISSES GUIMARAES,1546,JD RIO BRANCO,(13) 35766823,-23.9803632,-46.4727004,ATENDIMENTOS NOS TURNOS DA MANHA E A TARDE,0.0,0.0,0.0,0.0,0.0,0.0,NAO
SAMU 192 SAO VICENTE 2,11347000,AV ULISSES GUIMARAES,231,JD RIO BRANCO,1335760245,-2397629.0,-46477574.0,"ATENDIMENTO CONTINUO DE 24 HORAS/DIA (PLANTAO:INCLUI SABADOS, DOMINGOS E FERIADOS)",,,,,0.0,0.0,NAO
L A C SAUDE MAIS,11347000,AV DEPUTADO ULISSES GUIMARAES,1671,JD RIO BRANCO,1335666482,-239799667.0,-464732385.0,ATENDIMENTOS NOS TURNOS DA MANHA E A TARDE,0.0,0.0,0.0,0.0,1.0,0.0,NAO
SAMU 192 SAO VICENTE 7,11347000,AV ULISSES GUIMARAES,231,JD RIO BRANCO,1335760245,-23976383.0,-46477606.0,"ATENDIMENTO CONTINUO DE 24 HORAS/DIA (PLANTAO:INCLUI SABADOS, DOMINGOS E FERIADOS)",,,,,0.0,0.0,NAO
UNIDADE BASICA DE SAUDE JIP SAO VICENTE,11360190,RUA ROBERTO KOCH,584,JOQUEI CLUBE,(13)35663595,-23941528.0,-46399216.0,ATENDIMENTOS NOS TURNOS DA MANHA E A TARDE,0.0,0.0,0.0,0.0,1.0,0.0,SIM
UNIDADE BASICA DE SAUDE SAMBAIATUBA SAO VICENTE,11365180,PRACA DOM BOSCO,S/N,JOQUEI CLUBE,1334638727,-23945412.0,-46389951.0,ATENDIMENTOS NOS TURNOS DA MANHA E A TARDE,0.0,0.0,0.0,0.0,1.0,0.0,SIM
CENTRO DE AT ESP A SAUDE DA CRIANCA COM DEF SAO CAMILO SV,11350010,AV JOAO FRANCISCO BENSDORP,261,NAUTICA III,(13)34621170,-23954943.0,-46410414.0,ATENDIMENTOS NOS TURNOS DA MANHA E A TARDE,0.0,0.0,0.0,0.0,1.0,0.0,SIM
UNIDADE BASICA DE SAUDE PARQUE BITARU SAO VICENTE,11330205,PRACA INFANTE DOM HENRIQUE,S/N,PARQUE BITARU,(13)34671757,-2397123.0,-46394617.0,ATENDIMENTOS NOS TURNOS DA MANHA E A TARDE,0.0,0.0,0.0,0.0,1.0,0.0,SIM
PRONTO SOCORRO CENTRAL SAO VICENTE,11330800,AV MARECHAL CANDIDO MARIANO DA SILVA RONDON,425,PARQUE BITARU,1335695900,-239620385785.0,-463972377777.0,"ATENDIMENTO CONTINUO DE 24 HORAS/DIA (PLANTAO:INCLUI SABADOS, DOMINGOS E FERIADOS)",0.0,0.0,0.0,0.0,1.0,0.0,SIM
FERNANDO LUIS MORETTI DA SILVA SAO VICENTE,11330200,AV CAPITAO LUIZ ANTONIO PIMENTA,397,PARQUE BITARU,(13) 30218521,-23.9714434,-46.3910594,ATENDIMENTOS NOS TURNOS DA MANHA E A TARDE,0.0,0.0,0.0,0.0,0.0,0.0,NAO
UNIDADE BASICA DE SAUDE PARQUE DAS BANDEIRAS SAO VICENTE,11346005,PRACA DARIO AREDES LACERDA,70,PARQUE DAS BANDEIRAS,1335662163,-2398463855.0,-46484841474.0,ATENDIMENTOS NOS TURNOS DA MANHA E A TARDE,0.0,0.0,0.0,0.0,1.0,0.0,SIM
ACADEMIA DA SAUDE PARQUE SAO VICENTE,11360240,PRACA DOM PEDRO I,S/N,PARQUE SAO VICENTE,13997245295,-239521306746.0,-46398146903.0,ATENDIMENTOS NOS TURNOS DA MANHA E A TARDE,,,,,1.0,0.0,NAO
VIANNA MEDICINA ESPECIALIZADA SAO VICENTE,11360000,RUA GUARANY,314,PARQUE SAO VICENTE,1335681462,-239508024.0,-463969633.0,"ATENDIMENTO NOS TURNOS DA MANHA, TARDE E NOITE",0.0,0.0,0.0,0.0,1.0,0.0,NAO
UNIDADE BASICA DE SAUDE PARQUE SAO VICENTE SAO VICENTE,11360240,PRACA DOM PEDRO I,S/N,PARQUE SAO VICENTE,1334641565,-23952042.0,-46398168.0,ATENDIMENTOS NOS TURNOS DA MANHA E A TARDE,0.0,0.0,0.0,0.0,1.0,0.0,SIM
INSTITUTO ADESAF SAO VICENTE,11360000,GUARANY,70,PARQUE SAO VICENTE,13 35684191,-239590420419.0,-463977595184.0,ATENDIMENTOS NOS TURNOS DA MANHA E A TARDE,0.0,0.0,0.0,0.0,1.0,0.0,SIM
CRUZ AZUL DE SAO PAULO AMBULATORIO SAO VICENTE,11360040,PRACA RUI BARBOSA,238,PARQUE SAO VICENTE,(13) 34655500,-2395544765.0,-4639883165.0,ATENDIMENTOS NOS TURNOS DA MANHA E A TARDE,0.0,0.0,0.0,0.0,1.0,0.0,NAO
FABIULA MARTINS LOURENCO SAO VICENTE,11340000,RUA FREI GASPAR,2160,PARQUE SAO VICENTE,34662366,-239592738479.0,-463985111612.0,ATENDIMENTOS NOS TURNOS DA MANHA E A TARDE,0.0,0.0,0.0,0.0,0.0,0.0,NAO
UNIDADE BASICA DE SAUDE POMPEBA SAO VICENTE,11355150,RUA ANTONIO DA COSTA,S/N,POMPEBA,1334641815,-239402078344.0,-464058791618.0,ATENDIMENTOS NOS TURNOS DA MANHA E A TARDE,0.0,0.0,0.0,0.0,1.0,0.0,SIM
UNIDADE BASICA DE SAUDE PONTE NOVA SAO VICENTE,11347725,RUA SALVADOR,70,PONTE NOVA,1335661155,-239799098604.0,-464525552274.0,ATENDIMENTOS NOS TURNOS DA MANHA E A TARDE,0.0,0.0,0.0,0.0,1.0,0.0,SIM
FLAVIA REGINA MARTINS DE OLIVEIRA SAO VICENTE,11310070,R JACOB EMERICK,1398,PQ BITARU,34676962,-23.9649758,-46.391263,ATENDIMENTOS NOS TURNOS DA MANHA E A TARDE,0.0,0.0,0.0,0.0,1.0,0.0,NAO
ESF CONTINENTAL SAO VICENTE,11348000,AV CENTRAL,940,PQ CONTINENTAL,1335641424,-239550938.0,-464586081.0,ATENDIMENTOS NOS TURNOS DA MANHA E A TARDE,0.0,0.0,0.0,0.0,1.0,0.0,SIM
E S F GLEBA II,11346250,AV DR CELSO SANTOS,510,PQ DAS BANDEIRAS,1335662456,-23981971.0,-46489672.0,ATENDIMENTOS NOS TURNOS DA MANHA E A TARDE,0.0,0.0,0.0,0.0,1.0,0.0,SIM
PRONTO ATENDIMENTO PARQUE DAS BANDEIRAS SAO VICENTE,11346000,AV ESMERALDO SOARES TARQUINO DE CAMPOS,S/N,PRQ DAS BANDEIRAS,(13)35661305,-239850420069.0,-464845812321.0,"ATENDIMENTO CONTINUO DE 24 HORAS/DIA (PLANTAO:INCLUI SABADOS, DOMINGOS E FERIADOS)",0.0,0.0,0.0,0.0,1.0,0.0,SIM
UNIDADE BASICA DE SAUDE SAMARITA SAO VICENTE,11345050,RUA SERGIPE,70,SAMARITA,1335661544,-23991082.0,-46477362.0,ATENDIMENTOS NOS TURNOS DA MANHA E A TARDE,0.0,0.0,0.0,0.0,1.0,0.0,SIM
CDP LUIS CESAR LACERDA DE SAO VICENTE,11346300,RODOVIA PADRE MANOEL DA NOBREGA,S/N,SAMARITA,(13) 3576-9890,-23937453.0,-464641942.0,ATENDIMENTOS NOS TURNOS DA MANHA E A TARDE,0.0,0.0,0.0,0.0,1.0,0.0,SIM
PENITENCIARIA I DR GERALDO DE ANDRADE VIEIRA DE SAO VICENTE,11348900,RODOVIA PADRE MANOEL DA NOBREGA,66,SAMARITA,(13) 3406-1311,-2396176.0,-464727.0,"ATENDIMENTO CONTINUO DE 24 HORAS/DIA (PLANTAO:INCLUI SABADOS, DOMINGOS E FERIADOS)",0.0,0.0,0.0,0.0,1.0,0.0,NAO
PENITENCIARIA II DE SAO VICENTE,11348910,RODOVIA PADRE MANOEL DA NOBREGA,282,SAMARITA,(13) 3565-3600,-2392884.0,-4646753.0,ATENDIMENTOS NOS TURNOS DA MANHA E A TARDE,0.0,0.0,0.0,0.0,1.0,0.0,SIM
MAXIMA DROGARIA SV,11345400,PIASSABUCU,15,SAMARITA,13 07354102,-239900362422.0,-464742171764.0,"ATENDIMENTO NOS TURNOS DA MANHA, TARDE E NOITE",,,,,1.0,0.0,NAO
CASA VILA DE SAO VICENTE,11346300,PADRE MANOEL DA NOBREGA SP 55,S/N,SAMARITA,13 34063635,-239617836699.0,-464738363028.0,"ATENDIMENTO CONTINUO DE 24 HORAS/DIA (PLANTAO:INCLUI SABADOS, DOMINGOS E FERIADOS)",0.0,0.0,0.0,0.0,0.0,0.0,NAO
ODONTO TEDESCO SAO VICENTE,11390000,AV ANTONIO EMMERICH,110,VILA CASCATINHA,(13) 3022-4187,-23.9559378,-46.3752029,"ATENDIMENTO NOS TURNOS DA MANHA, TARDE E NOITE",0.0,0.0,0.0,0.0,1.0,0.0,NAO
EUROFINS CLINICAL DIAGNOSTICS SAO VICENTE,11390001,ANTONIO EMMERICK,245,VILA CASCATINHA,13 32341056,-239623649.0,-463795083.0,ATENDIMENTOS NOS TURNOS DA MANHA E A TARDE,0.0,0.0,0.0,0.0,0.0,0.0,NAO
AMB IRMA DOLORES SERV APOIO PSICOSSOCIAL S VICENTE,11390000,AV ANTONIO EMERICH,94,VILA CASCATINHA,1335690150,-23963526.0,-46381315.0,ATENDIMENTOS NOS TURNOS DA MANHA E A TARDE,0.0,0.0,0.0,0.0,1.0,0.0,NAO
MARIANA MARQUES BORRALHO SAO VICENTE,11370100,AVENIDA MOTTA LIMA,10,VILA CASCATINHA,,-23961488.0,-4637868.0,"ATENDIMENTO NOS TURNOS DA MANHA, TARDE E NOITE",0.0,0.0,0.0,0.0,0.0,0.0,NAO
CLINICA ODONTOLOGICA ODONTOYOU SS LTDA SAO VICENTE,11390000,AVENIDA ANTONIO EMMERICK,358,VILA CASCATINHA,13 33268915,-239623649.0,-463795083.0,ATENDIMENTOS NOS TURNOS DA MANHA E A TARDE,0.0,0.0,0.0,0.0,1.0,0.0,NAO
UVZ UNIDADE DE VIGILANCIA EM ZOONOSES SV,11390001,AV ANTONIO EMERICK,750,VILA CASCATINHA,34639373,-239598201502.0,-463766786456.0,ATENDIMENTOS NOS TURNOS DA MANHA E A TARDE,,,,,0.0,0.0,SIM
ALMOXARIFADO DA SAUDE SAO VICENTE,11330800,AV PREFEITO JOSE MONTEIRO,111,VILA CASCATINHA,35611545,-239615998412.0,-463760724664.0,ATENDIMENTOS NOS TURNOS DA MANHA E A TARDE,,,,,0.0,0.0,NAO
ESF VILA EMA E ESF VILA NOVA SAO VICENTE S VICENTE,11345310,RIA PADRE ANDRE DE SOVERAL,240,VILA EMA,1335664219,-239925651432.0,-464914155006.0,ATENDIMENTOS NOS TURNOS DA MANHA E A TARDE,0.0,0.0,0.0,0.0,1.0,0.0,SIM
UNIDADE BASICA DE SAUDE VILA MARGARIDA SAO VICENTE,11330570,RUA POLYDORIO DE OLIVEIRA BITTENCOURT,299,VILA MARGARIDA,1334632324,-23967141.0,-46401743.0,ATENDIMENTOS NOS TURNOS DA MANHA E A TARDE,0.0,0.0,0.0,0.0,1.0,0.0,SIM
ESF SAQUARE SAO VICENTE,11330710,RUA DO MEIO,S/N,VILA MARGARIDA,1334640550,-23971338.0,-46409836.0,ATENDIMENTOS NOS TURNOS DA MANHA E A TARDE,0.0,0.0,0.0,0.0,1.0,0.0,SIM
CAPS II DOMINGOS STAMATO SAO VICENTE,11330570,RUA POLYDORO DE OLIVEIRA BITTENCOURT,299,VILA MARGARIDA,(13)34644450,-239678721.0,-464029399.0,ATENDIMENTOS NOS TURNOS DA MANHA E A TARDE,0.0,0.0,0.0,0.0,1.0,0.0,NAO
CAPS AD II SAO VICENTE,11330570,R POLIDORO DE OLIVEIRA BITENCOURT,299,VILA MARGARIDA,34639557,-23963563.0,-46381299.0,ATENDIMENTOS NOS TURNOS DA MANHA E A TARDE,0.0,0.0,0.0,0.0,1.0,0.0,NAO
CENTRO MEDICO DE ESPECIALIDADES INFANTIS SAO VICENTE,11330570,RUA DR POLYDORO OLIVEIRA BITTENCOURT,299,VILA MARGARIDA,1334650900,-23966935.0,-46401421.0,ATENDIMENTOS NOS TURNOS DA MANHA E A TARDE,0.0,0.0,0.0,0.0,1.0,0.0,SIM
INOVACAO SERVICOS TECNICOS EM RADIOLOGIA LTDA EPP,11335000,RUA ERNESTO INTRIERI,65,VILA MARGARIDA,13-97713231,-23.9614016,-46.4052211,ATENDIMENTOS NOS TURNOS DA MANHA E A TARDE,0.0,0.0,0.0,0.0,0.0,0.0,NAO
UNIDADE DE SAUDE DO ADOLESCENTE SAO VICENTE,11330570,RUA POLYDORO DE OLIVEIRA BITTENCOURT,299,VILA MARGARIDA,1334650900,-2396695.0,-46401491.0,ATENDIMENTOS NOS TURNOS DA MANHA E A TARDE,0.0,0.0,0.0,0.0,1.0,0.0,NAO
UNIDADE BASICA DE SAUDE CENTRAL SAO VICENTE,11390001,AV ANTONIO EMMERICH,509,VILA MELO,(13)35690300,-2396114.0,-46378231.0,ATENDIMENTOS NOS TURNOS DA MANHA E A TARDE,0.0,0.0,0.0,0.0,1.0,0.0,SIM
HOSPITAL ANA COSTA SAO VICENTE,11330800,AV MARECHAL CANDIDO MARIANO RONDON,155,VILA NOSSA DO AMPARO,(13) 3579-1122,-239627192.0,-463877297.0,"ATENDIMENTO NOS TURNOS DA MANHA, TARDE E NOITE",0.0,0.0,0.0,0.0,1.0,0.0,NAO
CENTRO DE AT ESP A SAUDE DA PESSOA COM DEF REABILITAR I SV,11380090,AV MINAS GERAIS ESQUINA RUA COSTA REGO,19,VILA SAO JORGE,(13)35690152,-239560701528.0,-463691711426.0,ATENDIMENTOS NOS TURNOS DA MANHA E A TARDE,0.0,0.0,0.0,0.0,1.0,0.0,SIM
CAPS III MATER SAO VICENTE,11380140,AV MINAS GERAIS ESQUINA RUA COSTA REGO,19,VILA SAO JORGE,1334687057/34671413,-23956025.0,-46369193.0,"ATENDIMENTO CONTINUO DE 24 HORAS/DIA (PLANTAO:INCLUI SABADOS, DOMINGOS E FERIADOS)",0.0,0.0,0.0,0.0,1.0,0.0,SIM
HOSPITAL DO VICENTINO,11380090,AV MINAS GERAIS,19,VILA SAO JORGE,1335630600,-23964285.0,-46387294.0,"ATENDIMENTO CONTINUO DE 24 HORAS/DIA (PLANTAO:INCLUI SABADOS, DOMINGOS E FERIADOS)",1.0,0.0,0.0,1.0,1.0,1.0,SIM
ODONTOKER SAO VICENTE,11380001,AV ANTONIO EMMERICH,1748,VILA SAO JORGE,,-23.9559378,-46.3752029,ATENDIMENTOS NOS TURNOS DA MANHA E A TARDE,0.0,0.0,0.0,0.0,1.0,0.0,NAO
CAD II CENTRO DE APOIO E DIAGNOSTICO SAO VICENTE,11380140,AV MINAS GERAIS ESQUINA RUA COSTA REGO,19,VILA SAO JORGE,1335694940,-23956136334.0,-463692784309.0,ATENDIMENTOS NOS TURNOS DA MANHA E A TARDE,0.0,0.0,0.0,0.0,0.0,0.0,SIM
CATO CENTRO DE ATENDIMENTO EM TRAUMATOLOGIA E ORTOPEDIA,11380140,AV MINAS GERAIS ESQUINA RUA COSTA REGO,19,VILA SAO JORGE,(13) 35690141,-239000575145.0,-463787983388.0,ATENDIMENTOS NOS TURNOS DA MANHA E A TARDE,0.0,0.0,0.0,0.0,1.0,0.0,SIM
FARMA CONDE FILIAL 458 SV,11390000,ANTONIO EMMERICH,260,VILA SAO JORGE,12 39324721,-239626660438.0,-46379878521.0,"ATENDIMENTO NOS TURNOS DA MANHA, TARDE E NOITE",,,,,1.0,0.0,NAO
DROGARIA NOVA SAO JORGE SV,11370000,ANTONIO EMMERICK,830,VILA SAO JORGE,13 38770177,-239611071792.0,-46374771595.0,"ATENDIMENTO NOS TURNOS DA MANHA, TARDE E NOITE",0.0,0.0,0.0,0.0,0.0,0.0,NAO
ALIVIARTE SAO VICENTE,11370000,AVENIDA ANTONIO EMMERICK,1000,VILA SAO JOSE,38780550,-239579315561.0,-463756677322.0,"ATENDIMENTO NOS TURNOS DA MANHA, TARDE E NOITE",0.0,0.0,0.0,0.0,1.0,0.0,NAO
CLINIMEDI CLINICAS MEDICAS INTEGRADAS LTDA SAO VICENTE,11390100,AV MARECHAL DEODORO,581,VILA VALENCA,(13)34688465,-23.9657169,-46.3774694,ATENDIMENTOS NOS TURNOS DA MANHA E A TARDE,0.0,0.0,0.0,0.0,1.0,0.0,NAO
ULYSSES GIOVANNINI SAO VICENTE,11330000,AV PREFEITO JOSE MONTEIRO,842,VILA VALENCA,(13)34692358,-239652614511.0,-463707513322.0,ATENDIMENTOS NOS TURNOS DA MANHA E A TARDE,0.0,0.0,0.0,0.0,1.0,0.0,NAO
LUIZ AUGUSTO DE CARVALHO IERVOLINO SAO VICENTE,11390100,AV MAL DEODORO,581,VILA VALENCA,(13)34687661,-23.9657169,-46.3774694,ATENDIMENTOS NOS TURNOS DA MANHA E A TARDE,0.0,0.0,0.0,0.0,1.0,0.0,NAO
MARIA IOLI PINFARI IERVOLINO SAO VICENTE,11390100,AV MAL DEODORO,581,VILA VALENCA,(13)34687661,-23.9657169,-46.3774694,ATENDIMENTOS NOS TURNOS DA MANHA E A TARDE,0.0,0.0,0.0,0.0,1.0,0.0,NAO
CIONEIA SICUTI SAO VICENTE,11390001,AV ANTONIO EMMERICK,358,VILA VALENCA,34688101,-239621952536.0,-463791132322.0,ATENDIMENTOS NOS TURNOS DA MANHA E A TARDE,0.0,0.0,0.0,0.0,1.0,0.0,NAO
MARCELA FERNANDA BIANCO SAO VICENTE,11390140,RUA DOM LARA,850,VILA VALENCA,33298355,-239630799.0,-463790219.0,ATENDIMENTOS NOS TURNOS DA MANHA E A TARDE,0.0,0.0,0.0,0.0,1.0,0.0,NAO
LOURDES REGINA SALGUEIRO CASTRO SAO VICENTE,11320000,AV MAL DEODORO,737,VILA VALENCA,(13) 34694578,-23.9657169,-46.3774694,ATENDIMENTOS NOS TURNOS DA MANHA E A TARDE,0.0,0.0,0.0,0.0,1.0,0.0,NAO
CLAUDIA BEVILACQUA,11390001,AVENIDA ANTONIO EMERICH,292,VILA VALENCA,(13)34693697,-23962567.0,-46379666.0,ATENDIMENTOS NOS TURNOS DA MANHA E A TARDE,0.0,0.0,0.0,0.0,0.0,0.0,NAO
SELMA REGINA GAMBA DE OLIVEIRA SAO VICENTE,11310400,AV PREFEITO JOSE MONTEIRO,110,VILA VALENCA,(13)30132156,-23961694.0,-46376349.0,"ATENDIMENTO NOS TURNOS DA MANHA, TARDE E NOITE",0.0,0.0,0.0,0.0,1.0,0.0,NAO
HIGIA NEURO PSIQUIATRIA SAO VICENTE,11390140,DON LARA,224,VILA VALENCA,13 33955253,-239630778162.0,-463790524006.0,ATENDIMENTO SOMENTE PELA MANHA,0.0,0.0,0.0,0.0,0.0,0.0,NAO
HOPE FISIO SAO VICENTE,11390100,AVENIDA MARECHAL DEODORO,197,VILA VALENCA,13996625074,-239656254.0,-463777637.0,ATENDIMENTOS NOS TURNOS DA MANHA E A TARDE,0.0,0.0,0.0,0.0,1.0,0.0,NAO
AFIP SAO VICENTE,11310420,AV MINAS GERAIS,19,VILA VOTURUA,1335686015,-239575114242.0,-463698014617.0,"ATENDIMENTO CONTINUO DE 24 HORAS/DIA (PLANTAO:INCLUI SABADOS, DOMINGOS E FERIADOS)",0.0,0.0,0.0,0.0,0.0,0.0,SIM
AMBULATORIO DA TERCEIRA IDADE SAO VICENTE,11380140,R PRACA VITORIA DA CONQUISTA,S/N,VILA VOTURUA,(13)34677020,-23961499.0,-46370482.0,ATENDIMENTOS NOS TURNOS DA MANHA E A TARDE,0.0,0.0,0.0,0.0,1.0,0.0,SIM
UNIDADE BASICA DE SAUDE PRACA VITORIA SAO VICENTE,11380410,PRACA VITORIA DA CONQUISTA,S/N,VILA VOTURUA,1335611042,-23961950341.0,-463704532385.0,ATENDIMENTOS NOS TURNOS DA MANHA E A TARDE,0.0,0.0,0.0,0.0,1.0,0.0,SIM
CAFARNAHUN SAO VICENTE,11380420,JUIZ DE FORA,238,VILA VOTURUA,11 37059450,-239621146.0,-463679565.0,ATENDIMENTOS NOS TURNOS DA MANHA E A TARDE,0.0,0.0,0.0,0.0,1.0,0.0,NAO
GUILHERME AUGUSTO BRAGA SILVA SAO VICENTE,11390001,AV ANTONIO EMERICH,1018,VL CASCATINHA,(13)35619043,-23.957742,-46.375625,ATENDIMENTOS NOS TURNOS DA MANHA E A TARDE,0.0,0.0,0.0,0.0,1.0,0.0,NAO
SAMU 192 SAO VICENTE,11355230,PRACA DA IMIGRACAO JAPONESA,S/N,VL NOSSA SRA DE FATI,(13)34637876,-23950607.0,-46406641.0,"ATENDIMENTO CONTINUO DE 24 HORAS/DIA (PLANTAO:INCLUI SABADOS, DOMINGOS E FERIADOS)",,,,,1.0,0.0,SIM
DENIZE RODRIGUES TEIXEIRA CASANOVA SAO VICENTE,11380000,AV PREFEITO JOSE MONTEIRO,924,VL VALENCA,(13)34686664,-239659650882.0,-463706356287.0,ATENDIMENTOS NOS TURNOS DA MANHA E A TARDE,0.0,0.0,0.0,0.0,1.0,0.0,NAO
