Restrição de Atendimento,Escola,Código INEP,UF,Município,Localização,Localidade Diferenciada,Categoria Administrativa,Endereço,Telefone,Dependência Administrativa,Categoria Escola Privada,Conveniada Poder Público,Regulamentação pelo Conselho de Educação,Porte da Escola,Etapas e Modalidade de Ensino Oferecidas,Outras Ofertas Educacionais,Latitude,Longitude
ESCOLA PARALISADA,ESCOLA INFANTIL RENASCER,35004088,SP,São Vicente,Urbana,Não Informado,Privada,"MONTE BELVEDERE, 984 VILA MARGARIDA. 11330-580 São Vicente - SP.",(13) 34635844,Privada,Não Informado,Não,,,,,                              ,                              
ESCOLA EM FUNCIONAMENTO E SEM RESTRIÇÃO DE ATENDIMENTO,CRECHE E EDUCACAO INFANTIL ABC,35004589,SP,São Vicente,Urbana,A escola não está em área de localização diferenciada,Privada,"GENERAL MARIO HERMES DA FONSECA, 655 ESPLANADA DOS BARREIROS. 11340-180 São Vicente - SP.",,Privada,Particular,Não,Sim,Até 50 matrículas de escolarização,Educação Infantil,,-23.96044833,-46.40936667
ESCOLA EM FUNCIONAMENTO E SEM RESTRIÇÃO DE ATENDIMENTO,ANJO GABRIEL,35004590,SP,São Vicente,Urbana,A escola não está em área de localização diferenciada,Privada,"VALTER DO AMARAL, 39 CATIAPOA. 11370-305 São Vicente - SP.",,Privada,Particular,Não,Sim,Até 50 matrículas de escolarização,Educação Infantil,,-23.96077084,-46.38895709
ESCOLA EM FUNCIONAMENTO E SEM RESTRIÇÃO DE ATENDIMENTO,NUCLEO DE RECREACAO INFANTIL APRENDER BRINCANDO,35004815,SP,São Vicente,Urbana,A escola não está em área de localização diferenciada,Privada,"MARECHAL HUMBERTO DE ALENCAR CASTELO BRANCO, 449 CIDADE NAUTICA. 11355-000 São Vicente - SP.",,Privada,Particular,Não,Sim,Até 50 matrículas de escolarização,Educação Infantil,,-23.94918706,-46.40940402
ESCOLA EM FUNCIONAMENTO E SEM RESTRIÇÃO DE ATENDIMENTO,CRECHE PROFESSORA REGINA CELIA DOS SANTOS,35004886,SP,São Vicente,Urbana,A escola não está em área de localização diferenciada,Pública,"CAPITAO ANTAO DE MOURA, 429 PARQUE BITARU. 11330-100 São Vicente - SP.",,Municipal,Não Informado,Não,Sim,Entre 51 e 200 matrículas de escolarização,Educação Infantil,,-23.9677208,-46.3937494
ESCOLA EM FUNCIONAMENTO E SEM RESTRIÇÃO DE ATENDIMENTO,CRECHE MUNICIPAL EDUARDO FURKINI,35004888,SP,São Vicente,Urbana,A escola não está em área de localização diferenciada,Pública,"DOUTOR ARCHIMEDES BAVA, SN PARQUE DAS BANDEIRAS. 11346-190 São Vicente - SP.",,Municipal,Não Informado,Não,Sim,Entre 201 e 500 matrículas de escolarização,Educação Infantil,,-23.9821152,-46.4948187
ESCOLA EM FUNCIONAMENTO E SEM RESTRIÇÃO DE ATENDIMENTO,CRECHE MUNICIPAL PAULO DE SOUZA,35004889,SP,São Vicente,Urbana,A escola não está em área de localização diferenciada,Pública,"DEPUTADO ULISSES GUIMARAES, SN JARDIM RIO BRANCO. 11347-000 São Vicente - SP.",,Municipal,Não Informado,Não,Sim,Entre 51 e 200 matrículas de escolarização,Educação Infantil,,-23.9759727,-46.4771376
ESCOLA EM FUNCIONAMENTO E SEM RESTRIÇÃO DE ATENDIMENTO,ESCOLA DE EDUCACAO INFANTIL SHALOM,35004942,SP,São Vicente,Urbana,A escola não está em área de localização diferenciada,Privada,"PROFESSOR LOVELY PLAUCHUT, 452 VILA MATEO BEI. 11335-300 São Vicente - SP.",,Privada,Particular,Não,Sim,Até 50 matrículas de escolarização,Educação Infantil,,-23.96482667,-46.40895167
ESCOLA EM FUNCIONAMENTO E SEM RESTRIÇÃO DE ATENDIMENTO,CASA DA VOVO LIBANIA CRECHE COMUNITARIA,35005340,SP,São Vicente,Urbana,A escola não está em área de localização diferenciada,Privada,"VINTE E DOIS DE JANEIRO, 630 FUNDOS. CENTRO. 11310-090 São Vicente - SP.",,Privada,Filantrópica,Sim,Sim,Entre 51 e 200 matrículas de escolarização,Educação Infantil,,-23.9699138,-46.3857808
ESCOLA EM FUNCIONAMENTO E SEM RESTRIÇÃO DE ATENDIMENTO,PENIEL CRECHE COMUNITARIA,35005343,SP,São Vicente,Urbana,A escola não está em área de localização diferenciada,Privada,"TENENTE DURVAL DO AMARAL, 725 CATIAPOA. 11390-300 São Vicente - SP.",,Privada,Filantrópica,Sim,Sim,Entre 51 e 200 matrículas de escolarização,Educação Infantil,,-23.9568458,-46.3840025
ESCOLA EM FUNCIONAMENTO E SEM RESTRIÇÃO DE ATENDIMENTO,LAR CINDERELA CRECHE COMUNITARIA,35005347,SP,São Vicente,Urbana,A escola não está em área de localização diferenciada,Privada,"FRANCISCO SILVA SANTOS, 323 JARDIM GUASSU. 11370-530 São Vicente - SP.",,Privada,Filantrópica,Sim,Sim,Entre 51 e 200 matrículas de escolarização,Educação Infantil,,-23.9514511,-46.3770646
ESCOLA EM FUNCIONAMENTO E SEM RESTRIÇÃO DE ATENDIMENTO,CRECHE MUNDO DA CRIANCA,35005348,SP,São Vicente,Urbana,A escola não está em área de localização diferenciada,Privada,"VEREADOR LOURIVAL MOREIRA DO AMARAL, 604 PARQUE SAO VICENTE. 11365-100 São Vicente - SP.",,Privada,Filantrópica,Sim,Sim,Entre 51 e 200 matrículas de escolarização,Educação Infantil,,-23.9577278,-46.3943482
ESCOLA EM FUNCIONAMENTO E SEM RESTRIÇÃO DE ATENDIMENTO,COLEGIO NASCIMENTO EDUCACAO,35005406,SP,São Vicente,Urbana,A escola não está em área de localização diferenciada,Privada,"COSTA REGO, 50 VILA SAO JORGE. 11380-140 São Vicente - SP.",(13) 35615642,Privada,Particular,Não,Sim,Entre 201 e 500 matrículas de escolarização,"Ensino Fundamental, Ensino Médio",,-23.9546209,-46.3739948
ESCOLA EM FUNCIONAMENTO E SEM RESTRIÇÃO DE ATENDIMENTO,CANTINHO DO ZEZINHO CRECHE COMUNITARIA,35005443,SP,São Vicente,Urbana,A escola não está em área de localização diferenciada,Privada,"SACADURA CABRAL, 399 VILA JOCKEI CLUBE. 11365-080 São Vicente - SP.",,Privada,Filantrópica,Sim,Sim,Entre 51 e 200 matrículas de escolarização,Educação Infantil,,-23.94777155,-46.3921991
ESCOLA EM FUNCIONAMENTO E SEM RESTRIÇÃO DE ATENDIMENTO,COLEGIO VISAO,35006080,SP,São Vicente,Urbana,A escola não está em área de localização diferenciada,Privada,"RUA TENENTE DURVAL DO AMARAL, 245 CATIAPOA. 11390-300 São Vicente - SP.",(13) 33954800,Privada,Particular,Não,Sim,Até 50 matrículas de escolarização,Ensino Fundamental,,-23.96062202,-46.39045697
ESCOLA EM FUNCIONAMENTO E SEM RESTRIÇÃO DE ATENDIMENTO,CRECHE SANDRA ANTONELI,35006095,SP,São Vicente,Urbana,A escola não está em área de localização diferenciada,Pública,"ELISANGELA SANTOS MENDES, SN SAMARITA. 11345-585 São Vicente - SP.",,Municipal,Não Informado,Não,Sim,Entre 51 e 200 matrículas de escolarização,Educação Infantil,,-23.98871445,-46.46972985
ESCOLA EM FUNCIONAMENTO E SEM RESTRIÇÃO DE ATENDIMENTO,ESCOLA DE EDUCACAO INFANTIL SAPINHO SAPECA,35006124,SP,São Vicente,Urbana,A escola não está em área de localização diferenciada,Privada,"CUIABA, 196 VILA NOSSA SENHORA DE FATIMA. 11355-250 São Vicente - SP.",,Privada,Particular,Não,Sim,Até 50 matrículas de escolarização,Educação Infantil,,-23.95497687,-46.40395354
ESCOLA EM FUNCIONAMENTO E SEM RESTRIÇÃO DE ATENDIMENTO,ESCOLA FORTEC UNIDADE VI,35006249,SP,São Vicente,Urbana,A escola não está em área de localização diferenciada,Privada,"FREI GASPAR, 2078 PARQUE SAO VICENTE. 11340-000 São Vicente - SP.",(13) 34661868,Privada,Particular,Não,Sim,Entre 201 e 500 matrículas de escolarização,"Educação Infantil, Ensino Fundamental",,                              ,                              
ESCOLA EM FUNCIONAMENTO E SEM RESTRIÇÃO DE ATENDIMENTO,COLEGIO GENESIS MASTER SAO VICENTE,35006311,SP,São Vicente,Urbana,A escola não está em área de localização diferenciada,Privada,"EDUARDO CACAO, 1448 JARDIM RIO BRANCO. 11347-150 São Vicente - SP.",(13) 35765513,Privada,Particular,Não,Sim,Entre 51 e 200 matrículas de escolarização,Ensino Fundamental,,-23.98412012,-46.46890085
ESCOLA EM FUNCIONAMENTO E SEM RESTRIÇÃO DE ATENDIMENTO,COLEGIO ECTTA,35006332,SP,São Vicente,Urbana,A escola não está em área de localização diferenciada,Privada,"SANTA CRUZ, 110 CENTRO. 11310-290 São Vicente - SP.",(13) 996884427,Privada,Particular,Não,Sim,Entre 51 e 200 matrículas de escolarização,"Educação Infantil, Ensino Fundamental",,                              ,                              
ESCOLA EM FUNCIONAMENTO E SEM RESTRIÇÃO DE ATENDIMENTO,COLEGIO DO ROCIO,35006342,SP,São Vicente,Urbana,A escola não está em área de localização diferenciada,Privada,"CAPITAOMOR AGUIAR, 898 CENTRO. 11310-200 São Vicente - SP.",(13) 34669491,Privada,Particular,Não,Sim,Até 50 matrículas de escolarização,"Educação Infantil, Ensino Fundamental",,                              ,                              
ESCOLA EM FUNCIONAMENTO E SEM RESTRIÇÃO DE ATENDIMENTO,COLEGIO ABC,35006344,SP,São Vicente,Urbana,A escola não está em área de localização diferenciada,Privada,"ENGENHEIRO ANDRE REBOUCAS, 10 VILA MATEO BEI. 11335-340 São Vicente - SP.",(13) 34683350,Privada,Particular,Não,Sim,Até 50 matrículas de escolarização,Ensino Fundamental,,                              ,                              
ESCOLA EM FUNCIONAMENTO E SEM RESTRIÇÃO DE ATENDIMENTO,JOVEM EISNTEN,35006485,SP,São Vicente,Urbana,A escola não está em área de localização diferenciada,Privada,"MARECHAL CANDIDO MARIANO DA SILVA RONDON, 21 VILA MARGARIDA. 11330-800 São Vicente - SP.",,Privada,Particular,Não,Sim,Até 50 matrículas de escolarização,Educação Infantil,,                              ,                              
ESCOLA EM FUNCIONAMENTO E SEM RESTRIÇÃO DE ATENDIMENTO,ABRACADABRA,35006573,SP,São Vicente,Urbana,A escola não está em área de localização diferenciada,Privada,"MARECHAL DEODORO, 219 VILA VALENCA. 11390-100 São Vicente - SP.",(13) 34689141,Privada,Particular,Não,Sim,Até 50 matrículas de escolarização,Educação Infantil,,                              ,                              
ESCOLA EM FUNCIONAMENTO E SEM RESTRIÇÃO DE ATENDIMENTO,ESCOLA DE EDUCACAO INFANTIL SAFARI,35006950,SP,São Vicente,Urbana,A escola não está em área de localização diferenciada,Privada,"IBRAHIN ABDALLA SET EL BANAT, 472 JARDIM RIO BRANCO. 11347-010 São Vicente - SP.",,Privada,Particular,Não,Sim,Até 50 matrículas de escolarização,Educação Infantil,,                              ,                              
ESCOLA EM FUNCIONAMENTO E SEM RESTRIÇÃO DE ATENDIMENTO,CRECHE MUNICIPAL JEAN PIERRE DOS SANTOS MOLINA,35007034,SP,São Vicente,Urbana,A escola não está em área de localização diferenciada,Pública,"JOSE VIEGAS, SN PARQUE CONTINENTAL. 11348-390 São Vicente - SP.",,Municipal,Não Informado,Não,Sim,Entre 51 e 200 matrículas de escolarização,Educação Infantil,,-23.95706977,-46.45861852
ESCOLA EM FUNCIONAMENTO E SEM RESTRIÇÃO DE ATENDIMENTO,CRECHE MUNICIPAL ENG SEITETSU IHA,35007069,SP,São Vicente,Urbana,A escola não está em área de localização diferenciada,Pública,"BENJAMIM MATEUS MENDES, SN SAMARITA. 11345-580 São Vicente - SP.",,Municipal,Não Informado,Não,Sim,Entre 51 e 200 matrículas de escolarização,Educação Infantil,,-23.988225,-46.46831833
ESCOLA EM FUNCIONAMENTO E SEM RESTRIÇÃO DE ATENDIMENTO,UNIDADE EDUCACIONAL NILTON RIBEIRO,35007415,SP,São Vicente,Urbana,A escola não está em área de localização diferenciada,Pública,"JOSE JULIO DA SILVA, 382 JAPUI. 11325-080 São Vicente - SP.",,Municipal,Não Informado,Não,Sim,Entre 201 e 500 matrículas de escolarização,"Educação Infantil, Ensino Fundamental",Atendimento Educacional Especializado,-23.98737462,-46.39373984
ESCOLA EM FUNCIONAMENTO E SEM RESTRIÇÃO DE ATENDIMENTO,CRECHE MUNICIPAL PROFESSOR CELSO EDUARDO DA SILVA,35007570,SP,São Vicente,Urbana,A escola não está em área de localização diferenciada,Pública,"QUARENTA E CINCO, SN CONJUNTO RESIDENCIAL HUMAITA. 11349-210 São Vicente - SP.",,Municipal,Não Informado,Não,Sim,Entre 51 e 200 matrículas de escolarização,Educação Infantil,,-23.95236068,-46.45364509
ESCOLA EM FUNCIONAMENTO E SEM RESTRIÇÃO DE ATENDIMENTO,ESCOLA INFANTIL GERANDO SONHOS,35008025,SP,São Vicente,Urbana,A escola não está em área de localização diferenciada,Privada,"PERO VAZ DE CAMINHA, 303 VILA VALENCA. 11390-040 São Vicente - SP.",(13) 34673146,Privada,Particular,Não,Sim,Entre 51 e 200 matrículas de escolarização,Educação Infantil,,                              ,                              
ESCOLA EM FUNCIONAMENTO E SEM RESTRIÇÃO DE ATENDIMENTO,CRECHE MUNICIPAL NOSSA SENHORA DE FATIMA,35008082,SP,São Vicente,Urbana,A escola não está em área de localização diferenciada,Pública,"STELIO MACHADO LOUREIRO, 66 VILA NOSSA SENHORA DE FATIMA. 11355-240 São Vicente - SP.",,Municipal,Não Informado,Não,Sim,Entre 51 e 200 matrículas de escolarização,Educação Infantil,,                              ,                              
ESCOLA EM FUNCIONAMENTO E SEM RESTRIÇÃO DE ATENDIMENTO,CENTRO EDUCACIONAL GIRASSOL KIDS LTDA,35008506,SP,São Vicente,Urbana,A escola não está em área de localização diferenciada,Privada,"ALAMEDA DOIS, 774 PARQUE CONTINENTAL. 11348-300 São Vicente - SP.",,Privada,Particular,Não,Sim,Entre 51 e 200 matrículas de escolarização,Educação Infantil,,                              ,                              
ESCOLA EM FUNCIONAMENTO E SEM RESTRIÇÃO DE ATENDIMENTO,CRECHE MUNICIPAL CORA CORALINA,35008617,SP,São Vicente,Urbana,A escola não está em área de localização diferenciada,Pública,"PAULO HORCEL, SN JAPUI. 11325-100 São Vicente - SP.",,Municipal,Não Informado,Não,Sim,Entre 51 e 200 matrículas de escolarização,Educação Infantil,,                              ,                              
ESCOLA EM FUNCIONAMENTO E SEM RESTRIÇÃO DE ATENDIMENTO,CRECHE MUNICIPAL VILA MARGARIDA,35008693,SP,São Vicente,Urbana,A escola não está em área de localização diferenciada,Pública,"RIO SERCHIO, SN VILA MARGARIDA. 11330-640 São Vicente - SP.",,Municipal,Não Informado,Não,Sim,Entre 201 e 500 matrículas de escolarização,Educação Infantil,,                              ,                              
ESCOLA EM FUNCIONAMENTO E SEM RESTRIÇÃO DE ATENDIMENTO,CRECHE MUNICIPAL JULIO PEREIRA DE ANDRADE,35008739,SP,São Vicente,Urbana,A escola não está em área de localização diferenciada,Pública,"DOUTOR ESMERALDO SOARES TARQUINIO DE CAMPOS FILHO, 113 PARQUE DAS BANDEIRAS. 11346-000 São Vicente - SP.",,Municipal,Não Informado,Não,Sim,Entre 51 e 200 matrículas de escolarização,Educação Infantil,,                              ,                              
ESCOLA EM FUNCIONAMENTO E SEM RESTRIÇÃO DE ATENDIMENTO,CENTRO DE PROGRESSAO PENITENCIARIA,35008980,SP,São Vicente,Urbana,A escola não está em área de localização diferenciada,Pública,"PADRE MANOEL DA NOBREGA, KM283 SAMARITA. 11346-300 São Vicente - SP.",,Estadual,Não Informado,Não,Sim,Entre 51 e 200 matrículas de escolarização,Educação de Jovens Adultos,,                              ,                              
ESCOLA EM FUNCIONAMENTO E SEM RESTRIÇÃO DE ATENDIMENTO,SAINT MARY S BILINGUAL SCHOOL,35009055,SP,São Vicente,Urbana,A escola não está em área de localização diferenciada,Privada,"ANTONIO EMMERICK, 877 VILA CASCATINHA. 11390-001 São Vicente - SP.",(13) 33563212,Privada,Particular,Não,Sim,Entre 201 e 500 matrículas de escolarização,"Educação Infantil, Ensino Fundamental, Ensino Médio",,                              ,                              
ESCOLA EM FUNCIONAMENTO E SEM RESTRIÇÃO DE ATENDIMENTO,AMEI REI PELE,35009373,SP,São Vicente,Urbana,A escola não está em área de localização diferenciada,Pública,"JEQUIE, 628 SAMARITA. 11345-010 São Vicente - SP.",,Municipal,Não Informado,Não,Sim,Entre 501 e 1000 matrículas de escolarização,Ensino Fundamental,,                              ,                              
ESCOLA EM FUNCIONAMENTO E SEM RESTRIÇÃO DE ATENDIMENTO,AMEI EMILIA,35009376,SP,São Vicente,Urbana,A escola não está em área de localização diferenciada,Pública,"MANOEL SIERRA PEREZ, 256 CIDADE NAUTICA. 11350-650 São Vicente - SP.",,Municipal,Não Informado,Não,Sim,Entre 201 e 500 matrículas de escolarização,Educação Infantil,,                              ,                              
ESCOLA EM FUNCIONAMENTO E SEM RESTRIÇÃO DE ATENDIMENTO,AMEI NARIZINHO,35009378,SP,São Vicente,Urbana,A escola não está em área de localização diferenciada,Pública,"MANOEL SIERRA PEREZ, 296 CIDADE NAUTICA. 11350-650 São Vicente - SP.",(13) 34621000,Municipal,Não Informado,Não,Sim,Entre 51 e 200 matrículas de escolarização,Educação Infantil,,                              ,                              
ESCOLA EM FUNCIONAMENTO E SEM RESTRIÇÃO DE ATENDIMENTO,AMEI VISCONDE DE SABUGOSA,35009379,SP,São Vicente,Urbana,A escola não está em área de localização diferenciada,Pública,"MANOEL SIERRA PEREZ, 350 CIDADE NAUTICA. 11350-650 São Vicente - SP.",,Municipal,Não Informado,Não,Sim,Entre 201 e 500 matrículas de escolarização,Ensino Fundamental,,                              ,                              
ESCOLA EM FUNCIONAMENTO E SEM RESTRIÇÃO DE ATENDIMENTO,INSTITUTO DE ENSINO GENESIS,35009442,SP,São Vicente,Urbana,A escola não está em área de localização diferenciada,Privada,"CAPITAOMOR AGUIAR, 512 CENTRO. 11310-200 São Vicente - SP.",,Privada,Particular,Não,Sim,Até 50 matrículas de escolarização,Educação Infantil,,                              ,                              
ESCOLA EM FUNCIONAMENTO E SEM RESTRIÇÃO DE ATENDIMENTO,INSTITUTO EDUCACIONAL MARQUES DE OLINDA,35009526,SP,São Vicente,Urbana,A escola não está em área de localização diferenciada,Privada,"ANTONIO EMMERICK, 410 VILA CASCATINHA. 11390-001 São Vicente - SP.",(13) 33797547,Privada,Particular,Não,Sim,Até 50 matrículas de escolarização,Educação Profissional,,                              ,                              
ESCOLA EM FUNCIONAMENTO E SEM RESTRIÇÃO DE ATENDIMENTO,COHAB SAO VICENTE,35009552,SP,São Vicente,Urbana,A escola não está em área de localização diferenciada,Pública,"ALEXANDRE FIGUEIREDO E CUNHA, 170 CIDADE NAUTICA. 11350-580 São Vicente - SP.",(13) 981633391,Estadual,Não Informado,Não,Sim,Entre 201 e 500 matrículas de escolarização,"Ensino Fundamental, Ensino Médio",,                              ,                              
ESCOLA EM FUNCIONAMENTO E SEM RESTRIÇÃO DE ATENDIMENTO,PRIMARY EDUCACAO INFANTIL,35009806,SP,São Vicente,Urbana,A escola não está em área de localização diferenciada,Privada,"MARTINS FONTES, 1730 ESPLANADA DOS BARREIROS. 11340-010 São Vicente - SP.",,Privada,Particular,Não,Sim,Até 50 matrículas de escolarização,Educação Infantil,,                              ,                              
ESCOLA EM FUNCIONAMENTO E SEM RESTRIÇÃO DE ATENDIMENTO,ESCOLA CAMBALHOTA,35009954,SP,São Vicente,Urbana,A escola não está em área de localização diferenciada,Privada,"MARECHAL MASCARENHAS DE MORAES, 390 VILA MARGARIDA. 11330-000 São Vicente - SP.",(13) 34640607,Privada,Particular,Não,Sim,Entre 51 e 200 matrículas de escolarização,Educação Infantil,,                              ,                              
ESCOLA EM FUNCIONAMENTO E SEM RESTRIÇÃO DE ATENDIMENTO,EVOLUIR CONSTRUIR EDUCACAO INFANTIL,35009955,SP,São Vicente,Urbana,A escola não está em área de localização diferenciada,Privada,"JACOB EMERICK, 1062 CENTRO. 11310-070 São Vicente - SP.",,Privada,Particular,Não,Sim,Até 50 matrículas de escolarização,Educação Infantil,,                              ,                              
ESCOLA EM FUNCIONAMENTO E SEM RESTRIÇÃO DE ATENDIMENTO,CRECHE MUNICIPAL CATIAPOA,35009998,SP,São Vicente,Urbana,A escola não está em área de localização diferenciada,Pública,"VICENTE GIL, 368 CATIAPOA. 11390-320 São Vicente - SP.",,Municipal,Não Informado,Não,Sim,Entre 51 e 200 matrículas de escolarização,Educação Infantil,,                              ,                              
ESCOLA EM FUNCIONAMENTO E SEM RESTRIÇÃO DE ATENDIMENTO,CRECHE MUNICIPAL VILA NOVA SAO VICENTE,35010006,SP,São Vicente,Urbana,A escola não está em área de localização diferenciada,Pública,"ALFIO BENASSI, 333 VILA NOVA SAO VICENTE. 11346-420 São Vicente - SP.",,Municipal,Não Informado,Não,Sim,Entre 51 e 200 matrículas de escolarização,Educação Infantil,,                              ,                              
ESCOLA EM FUNCIONAMENTO E SEM RESTRIÇÃO DE ATENDIMENTO,CRECHE MUNICIPAL QUARENTENARIO,35010037,SP,São Vicente,Urbana,A escola não está em área de localização diferenciada,Pública,"GOIAS, 740 JARDIM IRMA DOLORES. 11347-515 São Vicente - SP.",,Municipal,Não Informado,Não,Sim,Entre 51 e 200 matrículas de escolarização,Educação Infantil,,                              ,                              
ESCOLA EM FUNCIONAMENTO E SEM RESTRIÇÃO DE ATENDIMENTO,ESCOLA DE EDUCACAO INFANTIL PREDILETO,35010203,SP,São Vicente,Urbana,A escola não está em área de localização diferenciada,Privada,"MONTE PLANO, 513 VILA MARGARIDA. 11335-020 São Vicente - SP.",,Privada,Particular,Não,Sim,Até 50 matrículas de escolarização,Educação Infantil,,                              ,                              
ESCOLA EM FUNCIONAMENTO E SEM RESTRIÇÃO DE ATENDIMENTO,ESCOLA UNIVERSO DO SABER,35010204,SP,São Vicente,Urbana,A escola não está em área de localização diferenciada,Privada,"TIBIRICA, 370 CENTRO. 11320-020 São Vicente - SP.",,Privada,Particular,Não,Sim,Até 50 matrículas de escolarização,Educação Infantil,,                              ,                              
ESCOLA EM FUNCIONAMENTO E SEM RESTRIÇÃO DE ATENDIMENTO,CRECHE MUNICIPAL PROFESSORA ANA CRISTINA SANTOS HENRIQUES,35010232,SP,São Vicente,Urbana,A escola não está em área de localização diferenciada,Pública,"CAIAMORE, 804 VILA MARGARIDA. 11330-703 São Vicente - SP.",,Municipal,Não Informado,Não,Sim,Entre 201 e 500 matrículas de escolarização,Educação Infantil,,                              ,                              
ESCOLA EM FUNCIONAMENTO E SEM RESTRIÇÃO DE ATENDIMENTO,ANTONIO MOREIRA COELHO DEPUTADO,35012075,SP,São Vicente,Urbana,A escola não está em área de localização diferenciada,Pública,"NOSSA SENHORA APARECIDA, SN PRACA. VILA FATIMA. 11355-340 São Vicente - SP.",(13) 34646511,Estadual,Não Informado,Não,Sim,Entre 501 e 1000 matrículas de escolarização,"Ensino Fundamental, Ensino Médio",,-23.9494377,-46.403842
ESCOLA EM FUNCIONAMENTO E SEM RESTRIÇÃO DE ATENDIMENTO,ENIO VILAS BOAS PROFESSOR,35012087,SP,São Vicente,Urbana,A escola não está em área de localização diferenciada,Pública,"JOSE JOAQUIM DE AZEVEDO, 1166 RUA. CIDADE NAUTICA. 11355-040 São Vicente - SP.",(13) 34641983,Estadual,Não Informado,Não,Sim,Entre 201 e 500 matrículas de escolarização,Ensino Fundamental,Atendimento Educacional Especializado,-23.94017,-46.4081876
ESCOLA EM FUNCIONAMENTO E SEM RESTRIÇÃO DE ATENDIMENTO,MARIA THEREZA DA CUNHA PEDROSO PROFESSORA,35012129,SP,São Vicente,Urbana,A escola não está em área de localização diferenciada,Pública,"VITORIA DE SANTO ANTAO, SN RUA. CATIAPOA. 11370-480 São Vicente - SP.",(13) 34682163,Estadual,Não Informado,Não,Sim,Entre 201 e 500 matrículas de escolarização,"Ensino Fundamental, Ensino Médio",,-23.9529603,-46.3858967
ESCOLA EM FUNCIONAMENTO E SEM RESTRIÇÃO DE ATENDIMENTO,JOSE NIGRO PROFESSOR,35012130,SP,São Vicente,Urbana,A escola não está em área de localização diferenciada,Pública,"DO PARQUE, SN TRAVESSA. CATIAPOA. 11365-330 São Vicente - SP.",(13) 34682499,Estadual,Não Informado,Não,Sim,Entre 201 e 500 matrículas de escolarização,"Ensino Fundamental, Ensino Médio",,-23.9574484,-46.3931389
ESCOLA EM FUNCIONAMENTO E SEM RESTRIÇÃO DE ATENDIMENTO,ZULMIRA DE ALMEIDA LAMBERT PROFESSORA,35012142,SP,São Vicente,Urbana,A escola não está em área de localização diferenciada,Pública,"CAMPOS, SN RUA. JARDIM INDEPENDENCIA. 11380-560 São Vicente - SP.",(13) 35612827,Estadual,Não Informado,Não,Sim,Entre 201 e 500 matrículas de escolarização,"Ensino Médio, Educação Profissional",,-23.9629923,-46.3695292
ESCOLA EM FUNCIONAMENTO E SEM RESTRIÇÃO DE ATENDIMENTO,MARTIM AFONSO,35012212,SP,São Vicente,Urbana,A escola não está em área de localização diferenciada,Pública,"JOSE BONIFACIO, 102 RUA. CENTRO. 11310-080 São Vicente - SP.",(13) 34681625,Estadual,Não Informado,Não,Sim,Entre 501 e 1000 matrículas de escolarização,"Ensino Fundamental, Ensino Médio, Educação Profissional",Atendimento Educacional Especializado,-23.9692813,-46.383432
ESCOLA EM FUNCIONAMENTO E SEM RESTRIÇÃO DE ATENDIMENTO,YOLANDA CONTE PROFESSORA,35012245,SP,São Vicente,Urbana,A escola não está em área de localização diferenciada,Pública,"JOSE ADRIANO MARREY JUNIOR, 503 RUA. ESPLANADA DOS BARREIROS. 11340-310 São Vicente - SP.",(13) 34612557,Estadual,Não Informado,Não,Sim,Entre 501 e 1000 matrículas de escolarização,"Ensino Médio, Educação Profissional",Atendimento Educacional Especializado,-23.9563832,-46.4128049
ESCOLA EM FUNCIONAMENTO E SEM RESTRIÇÃO DE ATENDIMENTO,MARGARIDA PINHO RODRIGUES,35012300,SP,São Vicente,Urbana,A escola não está em área de localização diferenciada,Pública,"DOUTOR POLYDORO DE OLIVEIRA BITTENCOURT, 300 RUA. VILA MARGARIDA. 11330-570 São Vicente - SP.",(13) 34632335,Estadual,Não Informado,Não,Sim,Mais de 1000 matrículas de escolarização,"Ensino Fundamental, Ensino Médio",Atendimento Educacional Especializado,-23.9666223,-46.4012189
ESCOLA EM FUNCIONAMENTO E SEM RESTRIÇÃO DE ATENDIMENTO,ARMANDO VICTORIO BEI,35012324,SP,São Vicente,Urbana,A escola não está em área de localização diferenciada,Pública,"CARIJOS, 1020 RUA. PARQUE SAO VICENTE. 11360-100 São Vicente - SP.",(13) 34649493,Estadual,Não Informado,Não,Sim,Mais de 1000 matrículas de escolarização,"Ensino Fundamental, Ensino Médio",,-23.9497288,-46.3978776
ESCOLA EM FUNCIONAMENTO E SEM RESTRIÇÃO DE ATENDIMENTO,LEOPOLDO JOSE DE SANT ANNA PROFESSOR,35012348,SP,São Vicente,Urbana,A escola não está em área de localização diferenciada,Pública,"PROFESSOR JOSE GONCALVES PAIM, 60 RUA. PARQUE BITARU. 11310-340 São Vicente - SP.",(13) 34683316,Estadual,Não Informado,Não,Sim,Mais de 1000 matrículas de escolarização,"Ensino Fundamental, Ensino Médio, Educação Profissional, Educação de Jovens Adultos",Atendimento Educacional Especializado,-23.965866,-46.3938516
ESCOLA EM FUNCIONAMENTO E SEM RESTRIÇÃO DE ATENDIMENTO,ANTONIO LUIZ BARREIROS,35037576,SP,São Vicente,Urbana,A escola não está em área de localização diferenciada,Pública,"PAULO HORCEL, 404 RUA. JAPUI. 11325-100 São Vicente - SP.",(13) 35671412,Estadual,Não Informado,Não,Sim,Entre 201 e 500 matrículas de escolarização,"Ensino Fundamental, Ensino Médio","Atendimento Educacional Especializado, Atividade Complementar",-23.9880118,-46.3929396
ESCOLA EM FUNCIONAMENTO E SEM RESTRIÇÃO DE ATENDIMENTO,LUIZ D AUREA PROFESSOR,35038842,SP,São Vicente,Urbana,A escola não está em área de localização diferenciada,Pública,"OITO, 119 RUA. VILA NOVA SAO VICENTE. 11346-380 São Vicente - SP.",(13) 35661259,Estadual,Não Informado,Não,Sim,Mais de 1000 matrículas de escolarização,"Ensino Fundamental, Ensino Médio, Educação Profissional",Atendimento Educacional Especializado,-23.9877548,-46.4897726
ESCOLA EM FUNCIONAMENTO E SEM RESTRIÇÃO DE ATENDIMENTO,MARIA DULCE MENDES PROFESSORA,35041634,SP,São Vicente,Urbana,A escola não está em área de localização diferenciada,Pública,"TUPI, 500 RUA. PARQUE SAO VICENTE. 11355-500 São Vicente - SP.",(13) 34645390,Estadual,Não Informado,Não,Sim,Entre 501 e 1000 matrículas de escolarização,"Ensino Fundamental, Ensino Médio, Educação Profissional",Atendimento Educacional Especializado,-23.953593,-46.4009204
ESCOLA EM FUNCIONAMENTO E SEM RESTRIÇÃO DE ATENDIMENTO,ESMERALDO SOARES TARQUINIO DE CAMPOS FILHO,35049153,SP,São Vicente,Urbana,A escola não está em área de localização diferenciada,Pública,"DEPUTADO ULISSES GUIMARAES, 180 AVENIDA. JARDIM RIO BRANCO. 11347-000 São Vicente - SP.",(13) 35661164,Estadual,Não Informado,Não,Sim,Mais de 1000 matrículas de escolarização,"Ensino Fundamental, Ensino Médio",Atendimento Educacional Especializado,-23.9770446,-46.4775255
ESCOLA EM FUNCIONAMENTO E SEM RESTRIÇÃO DE ATENDIMENTO,UNIDADE EDUCACIONAL CAROLINA DANTAS,35056480,SP,São Vicente,Urbana,A escola não está em área de localização diferenciada,Pública,"AURELIO PONNA, 26 RUA. CATIAPOA. 11390-310 São Vicente - SP.",(13) 34672425,Municipal,Não Informado,Não,Sim,Entre 201 e 500 matrículas de escolarização,Ensino Fundamental,,-23.9596994,-46.3838258
ESCOLA EM FUNCIONAMENTO E SEM RESTRIÇÃO DE ATENDIMENTO,UNIDADE EDUCACIONAL DUQUE DE CAXIAS,35056492,SP,São Vicente,Urbana,A escola não está em área de localização diferenciada,Pública,"NAPOLEAO LAUREANO, SN PRACA. JARDIM GUASSU. 11370-600 São Vicente - SP.",(13) 35614862,Municipal,Não Informado,Não,Sim,Entre 501 e 1000 matrículas de escolarização,"Educação Infantil, Ensino Fundamental",Atendimento Educacional Especializado,-23.9517432,-46.3780454
ESCOLA EM FUNCIONAMENTO E SEM RESTRIÇÃO DE ATENDIMENTO,UNIDADE EDUCACIONAL LIONS CLUBE,35056509,SP,São Vicente,Urbana,A escola não está em área de localização diferenciada,Pública,"COSTA REGO, 533 RUA. VILA SAO JORGE. 11380-140 São Vicente - SP.",(13) 35614982,Municipal,Não Informado,Não,Sim,Entre 201 e 500 matrículas de escolarização,Ensino Fundamental,Atendimento Educacional Especializado,-23.9558136,-46.3696327
ESCOLA EM FUNCIONAMENTO E SEM RESTRIÇÃO DE ATENDIMENTO,UNIDADE EDUCACIONAL MATTEO BEI I,35056510,SP,São Vicente,Urbana,A escola não está em área de localização diferenciada,Pública,"CARIJOS, 505 PARQUE SAO VICENTE. 11360-100 São Vicente - SP.",(13) 34671683,Municipal,Não Informado,Não,Sim,Entre 201 e 500 matrículas de escolarização,Ensino Fundamental,Atendimento Educacional Especializado,-23.954569,-46.3985838
ESCOLA EM FUNCIONAMENTO E SEM RESTRIÇÃO DE ATENDIMENTO,UNIDADE EDUCACIONAL RAQUEL DE CASTRO FERREIRA,35056534,SP,São Vicente,Urbana,A escola não está em área de localização diferenciada,Pública,"NEWTON PRADO, 503 AVENIDA. MORRO DOS BARBOSAS. 11310-160 São Vicente - SP.",(13) 34676021,Municipal,Não Informado,Não,Sim,Entre 201 e 500 matrículas de escolarização,Ensino Fundamental,,-23.9716408,-46.3913308
ESCOLA EM FUNCIONAMENTO E SEM RESTRIÇÃO DE ATENDIMENTO,UNIDADE EDUCACIONAL PROFESSOR EDMUNDO CAPELLARI,35056546,SP,São Vicente,Urbana,A escola não está em área de localização diferenciada,Pública,"VITORIA, SN PRACA. VILA VOTURUA. 11380-640 São Vicente - SP.",(13) 35613794,Municipal,Não Informado,Não,Sim,Entre 201 e 500 matrículas de escolarização,Educação Infantil,,-23.961576,-46.3697866
ESCOLA EM FUNCIONAMENTO E SEM RESTRIÇÃO DE ATENDIMENTO,UNIDADE EDUCACIONAL PROFESSOR CLEMENTE FERREIRA,35056558,SP,São Vicente,Urbana,A escola não está em área de localização diferenciada,Pública,"LARGO PROFESSOR CLEMENTE FERREIRA, SN LARGO. VILA MELO. 11370-050 São Vicente - SP.",(13) 35616168,Municipal,Não Informado,Não,Sim,Entre 51 e 200 matrículas de escolarização,Educação Infantil,,-23.9589704,-46.3788343
ESCOLA EM FUNCIONAMENTO E SEM RESTRIÇÃO DE ATENDIMENTO,UNIDADE EDUCACIONAL DOM PEDRO I,35070415,SP,São Vicente,Urbana,A escola não está em área de localização diferenciada,Pública,"DOM PEDRO I, SN PRACA. PARQUE SAO VICENTE. 11360-240 São Vicente - SP.",(13) 34624613,Municipal,Não Informado,Não,Sim,Entre 51 e 200 matrículas de escolarização,Educação Infantil,,-23.9521141,-46.398293
ESCOLA EM FUNCIONAMENTO E SEM RESTRIÇÃO DE ATENDIMENTO,UNIDADE EDUCACIONAL MARIO COVAS JUNIOR,35070920,SP,São Vicente,Urbana,A escola não está em área de localização diferenciada,Pública,"NILO DE SOUZA COELHO SENADOR, SN RUA. PARQUE DAS BANDEIRAS. 11346-040 São Vicente - SP.",(13) 35662499,Municipal,Não Informado,Não,Sim,Entre 501 e 1000 matrículas de escolarização,"Educação Infantil, Ensino Fundamental, Educação de Jovens Adultos",Atendimento Educacional Especializado,-23.9899428,-46.4819632
ESCOLA EM FUNCIONAMENTO E SEM RESTRIÇÃO DE ATENDIMENTO,AMEI PARQUE SAO VICENTE MARIA DE LOURDES BATISTA,35070932,SP,São Vicente,Urbana,A escola não está em área de localização diferenciada,Pública,"RUBENS FERREIRA MARTINS, SN PARQUE SAO VICENTE. 11360-230 São Vicente - SP.",(13) 34646146,Municipal,Não Informado,Não,Sim,Entre 201 e 500 matrículas de escolarização,Ensino Fundamental,,-23.9521516,-46.4001783
ESCOLA EM FUNCIONAMENTO E SEM RESTRIÇÃO DE ATENDIMENTO,UNIDADE EDUCACIONAL CIDADE DE NAHA,35080779,SP,São Vicente,Urbana,A escola não está em área de localização diferenciada,Pública,"GENERAL EITCHEGOYEN, 25 RUA. CATIAPOA. 11370-210 São Vicente - SP.",,Municipal,Não Informado,Não,Sim,Entre 51 e 200 matrículas de escolarização,Educação Infantil,Atendimento Educacional Especializado,-23.9580943,-46.3830812
ESCOLA EM FUNCIONAMENTO E SEM RESTRIÇÃO DE ATENDIMENTO,UNIDADE EDUCACIONAL ALBERTO SANTOS DUMONT,35080792,SP,São Vicente,Urbana,A escola não está em área de localização diferenciada,Pública,"EDUARDO CACAO, SN RUA. JARDIM RIO BRANCO. 11347-150 São Vicente - SP.",(13) 35661498,Municipal,Não Informado,Não,Sim,Entre 201 e 500 matrículas de escolarização,"Educação Infantil, Ensino Fundamental",Atendimento Educacional Especializado,-23.9775809,-46.4777482
ESCOLA EM FUNCIONAMENTO E SEM RESTRIÇÃO DE ATENDIMENTO,UNIDADE EDUCACIONAL CARLOS CALDEIRA,35080809,SP,São Vicente,Urbana,A escola não está em área de localização diferenciada,Pública,"ARMINDO RAMOS, SN PRACA. SAMARITA. 11345-005 São Vicente - SP.",(13) 35662522,Municipal,Não Informado,Não,Sim,Entre 51 e 200 matrículas de escolarização,Educação Infantil,,-23.9897581,-46.4755734
ESCOLA EM FUNCIONAMENTO E SEM RESTRIÇÃO DE ATENDIMENTO,UNIDADE EDUCACIONAL PROFESSORA ADILZA DE OLIVEIRA ROSA SOBRAL,35082247,SP,São Vicente,Urbana,A escola não está em área de localização diferenciada,Pública,"31 DE MARCO, SN PRACA. CIDADE NAUTICA. 11335-355 São Vicente - SP.",(13) 34613375,Municipal,Não Informado,Não,Sim,Entre 51 e 200 matrículas de escolarização,Educação Infantil,,-23.9412806,-46.4062333
ESCOLA EM FUNCIONAMENTO E SEM RESTRIÇÃO DE ATENDIMENTO,UNIDADE EDUCACIONAL PADRE JOSE DE ANCHIETA,35083793,SP,São Vicente,Urbana,A escola não está em área de localização diferenciada,Pública,"BRASILIA, SN PRACA. PARQUE BANDEIRAS. 11346-005 São Vicente - SP.",(13) 35662517,Municipal,Não Informado,Não,Sim,Entre 51 e 200 matrículas de escolarização,Educação Infantil,Atendimento Educacional Especializado,-23.9849958,-46.4849419
ESCOLA EM FUNCIONAMENTO E SEM RESTRIÇÃO DE ATENDIMENTO,UNIDADE EDUCACIONAL PROFESSOR JOSE BORGES FERNANDES,35084633,SP,São Vicente,Urbana,A escola não está em área de localização diferenciada,Pública,"SENADOR SALGADO FILHO, SN AVENIDA. JOQUEI CLUBE. 11360-200 São Vicente - SP.",(13) 34625330,Municipal,Não Informado,Não,Sim,Entre 201 e 500 matrículas de escolarização,Educação Infantil,Atendimento Educacional Especializado,-23.9426134,-46.3965132
ESCOLA EM FUNCIONAMENTO E SEM RESTRIÇÃO DE ATENDIMENTO,JULIA MARIA DE JESUS CRECHE MUNICIPAL,35085108,SP,São Vicente,Urbana,A escola não está em área de localização diferenciada,Pública,"HATCHIK ARMENIO CATCHJAN, 210 AVENIDA. CONJUNTO RESIDENCIAL HUMAITA. 11349-100 São Vicente - SP.",(13) 35640245,Municipal,Não Informado,Não,Sim,Entre 51 e 200 matrículas de escolarização,Educação Infantil,,-23.9491447,-46.4591377
ESCOLA EM FUNCIONAMENTO E SEM RESTRIÇÃO DE ATENDIMENTO,UNIDADE EDUCACIONAL CAIC AYRTON SENNA DA SILVA,35085911,SP,São Vicente,Urbana,A escola não está em área de localização diferenciada,Pública,"IRMA MARIA RITA DE SOUZA BRITO LOPES IRMA DULCE, SN RUA. CONJUNTO RESIDENCIAL HUMAITA. 11349-330 São Vicente - SP.",(13) 34061399,Municipal,Não Informado,Não,Sim,Entre 501 e 1000 matrículas de escolarização,Ensino Fundamental,"Atendimento Educacional Especializado, Atividade Complementar",-23.9502191,-46.4579291
ESCOLA EM FUNCIONAMENTO E SEM RESTRIÇÃO DE ATENDIMENTO,UNIDADE EDUCACIONAL PROFESSORA EULINA TRINDADE,35085923,SP,São Vicente,Urbana,A escola não está em área de localização diferenciada,Pública,"JURACY CAMARGO, SN PRACA. VILA MATEO BEI. 11335-355 São Vicente - SP.",(13) 34643937,Municipal,Não Informado,Não,Sim,Entre 201 e 500 matrículas de escolarização,"Educação Infantil, Ensino Fundamental",,-23.961521,-46.4063103
ESCOLA EM FUNCIONAMENTO E SEM RESTRIÇÃO DE ATENDIMENTO,UNIDADE EDUCACIONAL REPUBLICA DE PORTUGAL,35089461,SP,São Vicente,Urbana,A escola não está em área de localização diferenciada,Pública,"VINTE E TRES DE MAIO, 265 PRACA. PARQUE BITARU. 11310-170 São Vicente - SP.",(13) 34673496,Municipal,Não Informado,Não,Sim,Entre 501 e 1000 matrículas de escolarização,"Ensino Fundamental, Educação de Jovens Adultos",Atendimento Educacional Especializado,-23.9718088,-46.3930304
ESCOLA EM FUNCIONAMENTO E SEM RESTRIÇÃO DE ATENDIMENTO,UNIDADE EDUCACIONAL PROFESSOR ANUAR FRAYHA,35099089,SP,São Vicente,Urbana,A escola não está em área de localização diferenciada,Pública,"JOSE ADRIANO MARREY JUNIOR, SN RUA. CIDADE NAUTICA. 11340-310 São Vicente - SP.",(13) 34643482,Municipal,Não Informado,Não,Sim,Entre 201 e 500 matrículas de escolarização,Educação Infantil,Atendimento Educacional Especializado,-23.9559209,-46.4134028
ESCOLA EM FUNCIONAMENTO E SEM RESTRIÇÃO DE ATENDIMENTO,UNIDADE EDUCACIONAL PROFESSORA KELMA MARIA TOFFETI GONCALVES,35099090,SP,São Vicente,Urbana,A escola não está em área de localização diferenciada,Pública,"IRMA DULCE, SN AVENIDA. CONJUNTO RESIDENCIAL HUMAITA. 11349-000 São Vicente - SP.",(13) 35643477,Municipal,Não Informado,Não,Sim,Entre 201 e 500 matrículas de escolarização,Educação Infantil,Atendimento Educacional Especializado,-23.9507765,-46.4555927
ESCOLA PARALISADA,UNIDADE EDUCACIONAL PROFESSORA MARIA GUILHERMINA MARTINS MACHADO,35099107,SP,São Vicente,Urbana,Não Informado,Pública,"AMERICO MARTINS DOS SANTOS, SN RUA. JARDIM PARAISO. 11370-550 São Vicente - SP.",(13) 35616425,Municipal,Não Informado,Não,,,,,-23.9522668,-46.3815632
ESCOLA EM FUNCIONAMENTO E SEM RESTRIÇÃO DE ATENDIMENTO,UNIDADE EDUCACIONAL MONTEIRO LOBATO,35099120,SP,São Vicente,Urbana,A escola não está em área de localização diferenciada,Pública,"RIO LARGO, SN RUA. JARDIM NOSSO LAR. 11370-650 São Vicente - SP.",(13) 34681572,Municipal,Não Informado,Não,Sim,Entre 51 e 200 matrículas de escolarização,Educação Infantil,,-23.951815,-46.3876286
ESCOLA EM FUNCIONAMENTO E SEM RESTRIÇÃO DE ATENDIMENTO,UNIDADE EDUCACIONAL PROVINCIA DE OKINAWA,35099132,SP,São Vicente,Urbana,A escola não está em área de localização diferenciada,Pública,"CIDADE DE CUBATAO, SN RUA. VILA MARGARIDA. 11330-680 São Vicente - SP.",,Municipal,Não Informado,Não,Sim,Entre 201 e 500 matrículas de escolarização,Educação Infantil,Atendimento Educacional Especializado,-23.967685,-46.4089001
ESCOLA EM FUNCIONAMENTO E SEM RESTRIÇÃO DE ATENDIMENTO,UNIDADE EDUCACIONAL VILA EMA,35099144,SP,São Vicente,Urbana,A escola não está em área de localização diferenciada,Pública,"DOUTOR MARCELO RIBEIRO NOGUEIRA, SN RUA. VILA EMA. 11345-300 São Vicente - SP.",(13) 35661864,Municipal,Não Informado,Não,Sim,Entre 201 e 500 matrículas de escolarização,"Educação Infantil, Ensino Fundamental",Atendimento Educacional Especializado,-23.9927393,-46.4907148
ESCOLA EM FUNCIONAMENTO E SEM RESTRIÇÃO DE ATENDIMENTO,TANCREDO NEVES CRECHE MUNICIPAL,35099156,SP,São Vicente,Urbana,A escola não está em área de localização diferenciada,Pública,"NOSSA SENHORA APARECIDA, 551 PRACA. VILA NOSSA FATIMA. 11355-340 São Vicente - SP.",(13) 34630303,Municipal,Não Informado,Não,Sim,Entre 51 e 200 matrículas de escolarização,Educação Infantil,,-23.94833271,-46.40414734
ESCOLA EM FUNCIONAMENTO E SEM RESTRIÇÃO DE ATENDIMENTO,SAO VICENTE ATENEU,35110383,SP,São Vicente,Urbana,A escola não está em área de localização diferenciada,Privada,"AMADOR BUENO DA RIBEIRA, 252 212. CENTRO. 11320-060 São Vicente - SP.",(13) 34686895,Privada,Particular,Não,Sim,Entre 201 e 500 matrículas de escolarização,"Educação Infantil, Ensino Fundamental",,-23.9667024,-46.3768826
ESCOLA EM FUNCIONAMENTO E SEM RESTRIÇÃO DE ATENDIMENTO,NOTRE DAME ESCOLA UNIDADE I,35110450,SP,São Vicente,Urbana,A escola não está em área de localização diferenciada,Privada,"PRESIDENTE WILSON, 278 AVENIDA. ITARARE. 11320-000 São Vicente - SP.",(13) 35791212,Privada,Particular,Não,Sim,Entre 201 e 500 matrículas de escolarização,"Ensino Fundamental, Ensino Médio",,-23.9703236,-46.3718591
ESCOLA EM FUNCIONAMENTO E SEM RESTRIÇÃO DE ATENDIMENTO,HENRIQUE OSWALD ESCOLA,35110474,SP,São Vicente,Urbana,A escola não está em área de localização diferenciada,Privada,"AGUIAR CAPITAOMOR, 223 AVENIDA. CENTRO. 11310-201 São Vicente - SP.",(13) 34683507,Privada,Particular,Não,Sim,Entre 51 e 200 matrículas de escolarização,"Ensino Fundamental, Ensino Médio",,-23.9694975,-46.3919989
ESCOLA EM FUNCIONAMENTO E SEM RESTRIÇÃO DE ATENDIMENTO,COLEGIO CULTURA,35110504,SP,São Vicente,Urbana,A escola não está em área de localização diferenciada,Privada,"STELIO MACHADO LOUREIRO, 312 VILA NOSSA SENHORA DE FATIMA. 11355-240 São Vicente - SP.",(13) 34639990,Privada,Particular,Não,Sim,Entre 201 e 500 matrículas de escolarização,"Educação Infantil, Ensino Fundamental, Ensino Médio",,-23.9535871,-46.4049046
ESCOLA PARALISADA,ITA COLEGIO,35110516,SP,São Vicente,Urbana,Não Informado,Privada,"DJALMA DUTRA, 07 RUA. CENTRO. 11310-260 São Vicente - SP.",(13) 976006847,Privada,Não Informado,Não,,,,,-23.9682847,-46.388389
ESCOLA PARALISADA,CRECHE MUNICIPAL SILVIO DE ABREU,35120364,SP,São Vicente,Urbana,Não Informado,Pública,"ERNESTO SEBASTIAO DO NASCIMENTO, 182 RUA. JAPUI. 11325-070 São Vicente - SP.",(13) 35670330,Municipal,Não Informado,Não,,,,,-23.9880961,-46.3958848
ESCOLA PARALISADA,VOVO LENICE CRECHE MUNICIPAL,35120455,SP,São Vicente,Urbana,Não Informado,Pública,"PADRE ANDRE DE SOVERAL, 281 RUA. VILA EMA. 11345-310 São Vicente - SP.",(13) 35760219,Municipal,Não Informado,Não,,,,,-23.9923921,-46.4920569
ESCOLA EM FUNCIONAMENTO E SEM RESTRIÇÃO DE ATENDIMENTO,EXITO COLEGIO,35120819,SP,São Vicente,Urbana,A escola não está em área de localização diferenciada,Privada,"DEODORO MARECHAL, 267 AVENIDA. VILA VALENCA. 11390-100 São Vicente - SP.",(13) 34680429,Privada,Particular,Não,Sim,Entre 51 e 200 matrículas de escolarização,"Educação Infantil, Ensino Fundamental, Ensino Médio",,-23.9648028,-46.3795442
ESCOLA EM FUNCIONAMENTO E SEM RESTRIÇÃO DE ATENDIMENTO,JEAN PIAGET COLEGIO,35121253,SP,São Vicente,Urbana,A escola não está em área de localização diferenciada,Privada,"STELIO MACHADO LOUREIRO, 694 710. CIDADE NAUTICA. 11355-240 São Vicente - SP.",(13) 34621143,Privada,Particular,Não,Sim,Entre 501 e 1000 matrículas de escolarização,"Educação Infantil, Ensino Fundamental, Ensino Médio",,-23.9500421,-46.4050013
ESCOLA EM FUNCIONAMENTO E SEM RESTRIÇÃO DE ATENDIMENTO,ESCOLA DE EDUCACAO INFANTIL SEMENTINHA,35121332,SP,São Vicente,Urbana,A escola não está em área de localização diferenciada,Privada,"MONTE PLANO, 154 RUA. VILA MARGARIDA. 11335-020 São Vicente - SP.",(13) 34640555,Privada,Particular,Não,Sim,Até 50 matrículas de escolarização,Educação Infantil,,-23.96274,-46.39965
ESCOLA EM FUNCIONAMENTO E SEM RESTRIÇÃO DE ATENDIMENTO,EXEMPLO COLEGIO,35122208,SP,São Vicente,Urbana,A escola não está em área de localização diferenciada,Privada,"SEBASTIAO RIBEIRO DA SILVA, 5 RUA. CONJUNTO RESIDENCIAL HUMAITA. 11349-140 São Vicente - SP.",(13) 35642887,Privada,Particular,Não,Sim,Entre 201 e 500 matrículas de escolarização,"Educação Infantil, Ensino Fundamental",,-23.9494052,-46.4586447
ESCOLA EM FUNCIONAMENTO E SEM RESTRIÇÃO DE ATENDIMENTO,SAO PEDRO COLEGIO,35126160,SP,São Vicente,Urbana,A escola não está em área de localização diferenciada,Privada,"FREI GASPAR, 4180 RUA. COMPANHIA NAUTICA. 11350-000 São Vicente - SP.",(13) 34642522,Privada,Particular,Não,Sim,Entre 51 e 200 matrículas de escolarização,"Educação Infantil, Ensino Fundamental",,-23.9476307,-46.4134301
ESCOLA EM FUNCIONAMENTO E SEM RESTRIÇÃO DE ATENDIMENTO,CELLULA MATER COLEGIO UNIDADE II,35137807,SP,São Vicente,Urbana,A escola não está em área de localização diferenciada,Privada,"PRESIDENTE WILSON, 1252 AVENIDA. CENTRO. 11320-000 São Vicente - SP.",(13) 34676160,Privada,Particular,Não,Sim,Entre 201 e 500 matrículas de escolarização,"Educação Infantil, Ensino Fundamental, Ensino Médio",,-23.96954,-46.37363
ESCOLA EM FUNCIONAMENTO E SEM RESTRIÇÃO DE ATENDIMENTO,SANTA ROSA COLEGIO,35140764,SP,São Vicente,Urbana,A escola não está em área de localização diferenciada,Privada,"CAMPOS DE BURY, 187 RUA. CENTRO. 11310-350 São Vicente - SP.",(13) 34695072,Privada,Particular,Não,Sim,Até 50 matrículas de escolarização,Ensino Fundamental,,-23.9631106,-46.3943092
ESCOLA EM FUNCIONAMENTO E SEM RESTRIÇÃO DE ATENDIMENTO,NOTRE DAME ESCOLA UNIDADE II,35141677,SP,São Vicente,Urbana,A escola não está em área de localização diferenciada,Privada,"PERO CORREA, 526 RUA. ITARARE. 11320-140 São Vicente - SP.",(13) 35791212,Privada,Particular,Não,Sim,Entre 51 e 200 matrículas de escolarização,"Educação Infantil, Ensino Fundamental",,-23.9698555,-46.3684327
ESCOLA EM FUNCIONAMENTO E SEM RESTRIÇÃO DE ATENDIMENTO,VERDE QUE TE QUERO VERDE ESCOLA,35144320,SP,São Vicente,Urbana,A escola não está em área de localização diferenciada,Privada,"FREITAS GUIMARAES, 152 RUA. ITARARE. 11320-140 São Vicente - SP.",(13) 33243624,Privada,Particular,Não,Sim,Entre 201 e 500 matrículas de escolarização,"Educação Infantil, Ensino Fundamental, Ensino Médio",,-23.9698196,-46.3699862
ESCOLA ATENDE EXCLUSIVAMENTE ALUNOS COM DEFICIÊNCIA,APAE DE SAO VICENTE ESCOLA DE EDUCACAO ESPECIAL,35149731,SP,São Vicente,Urbana,A escola não está em área de localização diferenciada,Privada,"FELICIANA MARCONDES DA SILVA, 205 RUA. VILA CASCATINHA. 11390-220 São Vicente - SP.",(13) 34673991,Privada,Filantrópica,Sim,Sim,Entre 51 e 200 matrículas de escolarização,Ensino Fundamental,,-23.9618542,-46.3828481
ESCOLA EM FUNCIONAMENTO E SEM RESTRIÇÃO DE ATENDIMENTO,INTEGRACAO COLEGIO UNIDADE II,35151130,SP,São Vicente,Urbana,A escola não está em área de localização diferenciada,Privada,"AGUIAR CAPITAOMOR, 572 AVENIDA. CENTRO. 11310-200 São Vicente - SP.",(13) 35698100,Privada,Particular,Não,Sim,Entre 501 e 1000 matrículas de escolarização,"Educação Infantil, Ensino Fundamental, Ensino Médio",,-23.96632765,-46.39164985
ESCOLA EM FUNCIONAMENTO E SEM RESTRIÇÃO DE ATENDIMENTO,NASCIMENTO COLEGIO,35151221,SP,São Vicente,Urbana,A escola não está em área de localização diferenciada,Privada,"COSTA REGO, 50 RUA. VILA SAO JORGE. 11380-140 São Vicente - SP.",(13) 35615642,Privada,Particular,Não,Sim,Entre 201 e 500 matrículas de escolarização,"Educação Infantil, Ensino Fundamental",,-23.9547447,-46.3742159
ESCOLA EM FUNCIONAMENTO E SEM RESTRIÇÃO DE ATENDIMENTO,LIDER COLEGIO,35159293,SP,São Vicente,Urbana,A escola não está em área de localização diferenciada,Privada,"TAMBAU, 123 133. VILA NOSSA SENHORA DE FATIMA. 11355-030 São Vicente - SP.",(13) 34648157,Privada,Particular,Não,Sim,Entre 201 e 500 matrículas de escolarização,"Educação Infantil, Ensino Fundamental, Ensino Médio",,-23.9543072,-46.4065133
ESCOLA EM FUNCIONAMENTO E SEM RESTRIÇÃO DE ATENDIMENTO,APOIO COLEGIO,35159311,SP,São Vicente,Urbana,A escola não está em área de localização diferenciada,Privada,"ANTONIO DOS SANTOS BARBOSA, 283 RUA. CIDADE NAUTICA. 11340-320 São Vicente - SP.",(13) 34648361,Privada,Particular,Não,Sim,Entre 201 e 500 matrículas de escolarização,"Educação Infantil, Ensino Fundamental",,-23.9543502,-46.4116252
ESCOLA EM FUNCIONAMENTO E SEM RESTRIÇÃO DE ATENDIMENTO,FORTEC ESCOLA TECNICA UNID IV,35160477,SP,São Vicente,Urbana,A escola não está em área de localização diferenciada,Privada,"WILSON PRESIDENTE, 1013 AVENIDA. ITARARE. 11320-001 São Vicente - SP.",(13) 35692525,Privada,Particular,Não,Sim,Mais de 1000 matrículas de escolarização,"Ensino Fundamental, Ensino Médio, Educação Profissional",,-23.967344,-46.3782042
ESCOLA EM FUNCIONAMENTO E SEM RESTRIÇÃO DE ATENDIMENTO,CASTELINHO CENTRO DE EDUCACAO,35175146,SP,São Vicente,Urbana,A escola não está em área de localização diferenciada,Privada,"JOSE MONTEIRO PREFEITO, 3341 AVENIDA. JARDIM INDEPENDENCIA. 11380-001 São Vicente - SP.",(13) 35613905,Privada,Particular,Não,Sim,Entre 51 e 200 matrículas de escolarização,Educação Infantil,,-23.9611846,-46.3763905
ESCOLA EM FUNCIONAMENTO E SEM RESTRIÇÃO DE ATENDIMENTO,CORACAOZINHO II ESCOLA DE EDUCACAO INFANTIL,35175225,SP,São Vicente,Urbana,A escola não está em área de localização diferenciada,Privada,"MONTEIRO LOBATO, 190 AVENIDA. VILA VALENCA. 11380-500 São Vicente - SP.",(13) 34695936,Privada,Particular,Não,Sim,Entre 51 e 200 matrículas de escolarização,Educação Infantil,,-23.96561,-46.37253
ESCOLA EM FUNCIONAMENTO E SEM RESTRIÇÃO DE ATENDIMENTO,SANTA MARGARIDA NUCLEO DE RECREACAO INFANTIL,35175249,SP,São Vicente,Urbana,A escola não está em área de localização diferenciada,Privada,"VEREADOR JOSE VICENTE DE BARROS, 41 RUA. VILA MARGARIDA. 11330-560 São Vicente - SP.",(13) 34624108,Privada,Particular,Não,Sim,Até 50 matrículas de escolarização,Educação Infantil,,-23.96880083,-46.40244637
ESCOLA EM FUNCIONAMENTO E SEM RESTRIÇÃO DE ATENDIMENTO,BRANCA DE NEVE ESCOLA DE EDUCACAO INFANTIL,35175250,SP,São Vicente,Urbana,A escola não está em área de localização diferenciada,Privada,"MANUEL COVAS RAIA, 389 RUA. VILA SAO JORGE. 11380-070 São Vicente - SP.",(13) 35611712,Privada,Particular,Não,Sim,Até 50 matrículas de escolarização,Educação Infantil,,-23.95528,-46.37042
ESCOLA EM FUNCIONAMENTO E SEM RESTRIÇÃO DE ATENDIMENTO,LAR DE ASSISTENCIA AO MENOR,35175304,SP,São Vicente,Urbana,A escola não está em área de localização diferenciada,Privada,"NICOLAU PATRICIO MOREIRA, 225 RUA. ESPLANADA DOS BARREIROS. 11340-380 São Vicente - SP.",(13) 34643373,Privada,Filantrópica,Sim,Sim,Entre 51 e 200 matrículas de escolarização,Educação Infantil,,-23.9532628,-46.415752
ESCOLA PARALISADA,NOSSA SENHORA DE FATIMA CRECHE MUNICIPAL,35175336,SP,São Vicente,Urbana,Não Informado,Privada,"STELIO MACHADO LOUREIRO, 66 RUA. VILA NOSSA SENHORA DE FATIMA. 11355-240 São Vicente - SP.",(13) 34642627,Privada,Não Informado,Não,,,,,-23.9555476,-46.4048457
ESCOLA EM FUNCIONAMENTO E SEM RESTRIÇÃO DE ATENDIMENTO,SONHO DA CRIANCA CRECHE MUNICIPAL,35175389,SP,São Vicente,Urbana,A escola não está em área de localização diferenciada,Privada,"VALE DO PO, 768 VILA MARGARIDA. 11330-670 São Vicente - SP.",(13) 34649897,Privada,Filantrópica,Sim,Sim,Entre 51 e 200 matrículas de escolarização,Educação Infantil,,-23.9669402,-46.4074435
ESCOLA EM FUNCIONAMENTO E SEM RESTRIÇÃO DE ATENDIMENTO,CAMINHOS DO SABER COLEGIO,35187264,SP,São Vicente,Urbana,A escola não está em área de localização diferenciada,Privada,"R PIO XII, 126 QUADRA 4 LOTE 18 E 1. ESP BARREIROS. 11340-080 São Vicente - SP.",(13) 34699282,Privada,Particular,Não,Sim,Entre 201 e 500 matrículas de escolarização,"Educação Infantil, Ensino Fundamental",,-23.9598957,-46.401741
ESCOLA EM FUNCIONAMENTO E SEM RESTRIÇÃO DE ATENDIMENTO,UNIDADE EDUCACIONAL MATTEO BEI II,35193276,SP,São Vicente,Urbana,A escola não está em área de localização diferenciada,Pública,"FREI GASPAR, 2236 RUA. PARQUE SAO VICENTE. 11340-000 São Vicente - SP.",(13) 34678339,Municipal,Não Informado,Não,Sim,Entre 201 e 500 matrículas de escolarização,Educação Infantil,Atendimento Educacional Especializado,-23.9591787,-46.3991894
ESCOLA EM FUNCIONAMENTO E SEM RESTRIÇÃO DE ATENDIMENTO,CARINHOSO NUCLEO INFANTIL DE CONVIVENCIA,35196770,SP,São Vicente,Urbana,A escola não está em área de localização diferenciada,Privada,"CAPITAO M. AGUIAR CAPITAOMOR, 393 AVENIDA. CENTRO. 11310-200 São Vicente - SP.",(13) 34686056,Privada,Particular,Não,Sim,Até 50 matrículas de escolarização,Educação Infantil,,-23.96786,-46.39181
ESCOLA EM FUNCIONAMENTO E SEM RESTRIÇÃO DE ATENDIMENTO,MAROTYNHO INSTITUTO EDUCACIONAL INFANTIL,35196782,SP,São Vicente,Urbana,A escola não está em área de localização diferenciada,Privada,"PREFEITO JOSE MONTEIRO, 56 AVENIDA. VILA VALENCA. 11380-000 São Vicente - SP.",(13) 34698152,Privada,Particular,Não,Sim,Até 50 matrículas de escolarização,Educação Infantil,,-23.96126,-46.37657
ESCOLA EM FUNCIONAMENTO E SEM RESTRIÇÃO DE ATENDIMENTO,UNIDADE EDUCACIONAL RAUL ROCHA DO AMARAL,35209582,SP,São Vicente,Urbana,A escola não está em área de localização diferenciada,Pública,"BELO HORIZONTE, 273 RUA. JARDIM IRMA DOLORES. 11347-750 São Vicente - SP.",(13) 35661060,Municipal,Não Informado,Não,Sim,Mais de 1000 matrículas de escolarização,"Ensino Fundamental, Educação de Jovens Adultos","Atendimento Educacional Especializado, Atividade Complementar",-23.982047,-46.4534113
ESCOLA EM FUNCIONAMENTO E SEM RESTRIÇÃO DE ATENDIMENTO,UNIDADE EDUCACIONAL AUGUSTO DE SAINT HILAIRE,35214450,SP,São Vicente,Urbana,A escola não está em área de localização diferenciada,Pública,"MARTINS FONTES, 1000 AVENIDA. CATIAPOA. 11390-200 São Vicente - SP.",(13) 34682924,Municipal,Não Informado,Não,Sim,Entre 201 e 500 matrículas de escolarização,"Educação Infantil, Ensino Fundamental","Atendimento Educacional Especializado, Atividade Complementar",-23.9620247,-46.3918101
ESCOLA EM FUNCIONAMENTO E SEM RESTRIÇÃO DE ATENDIMENTO,UNIDADE EDUCACIONAL PROF CONSTANTE LUCIANO CLEMENTE HOULMONT,35214462,SP,São Vicente,Urbana,A escola não está em área de localização diferenciada,Pública,"ANTONIO EMMERICK, 504 AVENIDA. VILA CASCATINHA. 11390-000 São Vicente - SP.",(13) 34682929,Municipal,Não Informado,Não,Sim,Entre 201 e 500 matrículas de escolarização,Ensino Fundamental,Atendimento Educacional Especializado,-23.9616099,-46.3780126
ESCOLA EM FUNCIONAMENTO E SEM RESTRIÇÃO DE ATENDIMENTO,UNIDADE EDUCACIONAL PROFESSOR JACOB ANDRADE CAMARA,35214474,SP,São Vicente,Urbana,A escola não está em área de localização diferenciada,Pública,"STELIO MACHADO LOUREIRO, 1071 RUA. CIDADE NAUTICA. 11355-240 São Vicente - SP.",(13) 34641784,Municipal,Não Informado,Não,Sim,Entre 501 e 1000 matrículas de escolarização,Ensino Fundamental,"Atendimento Educacional Especializado, Atividade Complementar",-23.946888,-46.4062647
ESCOLA EM FUNCIONAMENTO E SEM RESTRIÇÃO DE ATENDIMENTO,UNIDADE EDUCACIONAL PROFESSORA LEONOR GUIMARAES ALVES STOFFEL,35214486,SP,São Vicente,Urbana,A escola não está em área de localização diferenciada,Pública,"OEIRAS, SN RUA. SAMARITA. 11345-030 São Vicente - SP.",(13) 35760268,Municipal,Não Informado,Não,Sim,Entre 201 e 500 matrículas de escolarização,Ensino Fundamental,Atendimento Educacional Especializado,-23.9902694,-46.4762827
ESCOLA EM FUNCIONAMENTO E SEM RESTRIÇÃO DE ATENDIMENTO,UNIDADE EDUCACIONAL MANOEL NASCIMENTO JUNIOR,35214498,SP,São Vicente,Urbana,A escola não está em área de localização diferenciada,Pública,"ROBERTO KOCK, 300 RUA. VILA JOCKEI CLUBE. 11360-190 São Vicente - SP.",(13) 34644525,Municipal,Não Informado,Não,Sim,Mais de 1000 matrículas de escolarização,"Educação Infantil, Ensino Fundamental, Educação de Jovens Adultos",Atendimento Educacional Especializado,-23.944009,-46.39953
ESCOLA EM FUNCIONAMENTO E SEM RESTRIÇÃO DE ATENDIMENTO,UNIDADE EDUCACIONAL PROFESSOR OCTAVIO DE CESARE,35214504,SP,São Vicente,Urbana,A escola não está em área de localização diferenciada,Pública,"TENENTE DURVAL DO AMARAL, 183 RUA. CATIAPOA. 11390-300 São Vicente - SP.",(13) 34681938,Municipal,Não Informado,Não,Sim,Entre 201 e 500 matrículas de escolarização,Ensino Fundamental,Atividade Complementar,-23.9611229,-46.3859167
ESCOLA EM FUNCIONAMENTO E SEM RESTRIÇÃO DE ATENDIMENTO,UNIDADE EDUCACIONAL UNIAO CIVICA FEMININA,35214516,SP,São Vicente,Urbana,A escola não está em área de localização diferenciada,Pública,"RUI BARBOSA, SN PRACA. PARQUE SAO VICENTE. 11360-040 São Vicente - SP.",(13) 34672634,Municipal,Não Informado,Não,Sim,Entre 501 e 1000 matrículas de escolarização,"Educação Infantil, Ensino Fundamental, Educação de Jovens Adultos","Atendimento Educacional Especializado, Atividade Complementar",-23.9556691,-46.3991328
ESCOLA EM FUNCIONAMENTO E SEM RESTRIÇÃO DE ATENDIMENTO,UNIDADE EDUCACIONAL PREFEITO SEBASTIAO RIBEIRO DA SILVA,35230868,SP,São Vicente,Urbana,A escola não está em área de localização diferenciada,Pública,"QUIRINO MARIO BIASOLI, 90 RUA. CIDADE NAUTICA. 11350-440 São Vicente - SP.",(13) 34636347,Municipal,Não Informado,Não,Sim,Entre 501 e 1000 matrículas de escolarização,"Educação Infantil, Ensino Fundamental, Educação de Jovens Adultos","Atendimento Educacional Especializado, Atividade Complementar",-23.9398491,-46.4181378
ESCOLA EM FUNCIONAMENTO E SEM RESTRIÇÃO DE ATENDIMENTO,UNIDADE EDUCACIONAL FRANCISCO MARTINS DOS SANTOS,35230873,SP,São Vicente,Urbana,A escola não está em área de localização diferenciada,Pública,"DONALD ALEXANDRE KEALMAN DOUTOR, 255 RUA. JARDIM RIO BRANCO. 11347-040 São Vicente - SP.",(13) 35663577,Municipal,Não Informado,Não,Sim,Mais de 1000 matrículas de escolarização,"Ensino Fundamental, Educação de Jovens Adultos","Atendimento Educacional Especializado, Atividade Complementar",-23.9774028,-46.4785624
ESCOLA EM FUNCIONAMENTO E SEM RESTRIÇÃO DE ATENDIMENTO,UNIDADE EDUCACIONAL PREFEITO JORGE BIERRENBACH SENRA,35230881,SP,São Vicente,Urbana,A escola não está em área de localização diferenciada,Pública,"LUIZ FERREIRA MORGADO, 1783 RUA. JARDIM RIO BRANCO. 11347-210 São Vicente - SP.",(13) 35660146,Municipal,Não Informado,Não,Sim,Mais de 1000 matrículas de escolarização,"Ensino Fundamental, Educação de Jovens Adultos","Atendimento Educacional Especializado, Atividade Complementar",-23.9847787,-46.4647343
ESCOLA EM FUNCIONAMENTO E SEM RESTRIÇÃO DE ATENDIMENTO,UNIDADE EDUCACIONAL PREFEITO JONAS RODRIGUES,35230893,SP,São Vicente,Urbana,A escola não está em área de localização diferenciada,Pública,"ALEXANDRE SENDIM, 304 RUA. PARQUE BITARU. 11330-420 São Vicente - SP.",(13) 34676024,Municipal,Não Informado,Não,Sim,Entre 501 e 1000 matrículas de escolarização,"Educação Infantil, Ensino Fundamental","Atendimento Educacional Especializado, Atividade Complementar",-23.9747474,-46.3981686
ESCOLA EM FUNCIONAMENTO E SEM RESTRIÇÃO DE ATENDIMENTO,UNIDADE EDUCACIONAL SAULO TARSO MARQUES DE MELLO,35230900,SP,São Vicente,Urbana,A escola não está em área de localização diferenciada,Pública,"DOZE, 140 RUA. PARQUE CONTINENTAL. 11348-390 São Vicente - SP.",(13) 34064593,Municipal,Não Informado,Não,Sim,Mais de 1000 matrículas de escolarização,"Educação Infantil, Ensino Fundamental, Educação de Jovens Adultos",Atendimento Educacional Especializado,-23.9566059,-46.4580674
ESCOLA EM FUNCIONAMENTO E SEM RESTRIÇÃO DE ATENDIMENTO,UNIDADE EDUCACIONAL VILA JOQUEI,35233845,SP,São Vicente,Urbana,A escola não está em área de localização diferenciada,Pública,"FERNANDO FERRARI, SN RUA. VILA JOCKEI CLUBE. 11360-360 São Vicente - SP.",(13) 34634710,Municipal,Não Informado,Não,Sim,Entre 51 e 200 matrículas de escolarização,Educação Infantil,,-23.9417604,-46.402405
ESCOLA EM FUNCIONAMENTO E SEM RESTRIÇÃO DE ATENDIMENTO,UNIDADE EDUCACIONAL PROFESSORA REGINA CELIA DOS SANTOS,35233857,SP,São Vicente,Urbana,A escola não está em área de localização diferenciada,Pública,"DE VISCONDE TAMANDARE, 385 AVENIDA. CENTRO. 11310-441 São Vicente - SP.",(13) 35767721,Municipal,Não Informado,Não,Sim,Entre 201 e 500 matrículas de escolarização,Educação Infantil,Atendimento Educacional Especializado,-23.9660891,-46.39018
ESCOLA ATENDE EXCLUSIVAMENTE ALUNOS COM DEFICIÊNCIA,UNIDADE EDUCACIONAL ANA LUCIA ALMEIDA DE OLIVEIRA,35243164,SP,São Vicente,Urbana,A escola não está em área de localização diferenciada,Pública,"JOAO FRANCISCO BENSDORP, 201 AVENIDA. CIDADE NAUTICA. 11350-010 São Vicente - SP.",(13) 34624924,Municipal,Não Informado,Não,Sim,Entre 201 e 500 matrículas de escolarização,Ensino Fundamental,,-23.95536,-46.410212
ESCOLA EM FUNCIONAMENTO E SEM RESTRIÇÃO DE ATENDIMENTO,UNIDADE EDUCACIONAL PROFESSORA VERA LUCIA MACHADO MASSIS,35246165,SP,São Vicente,Urbana,A escola não está em área de localização diferenciada,Pública,"JOAO FRANCISCO BENSDORP, 1381 AVENIDA. CIDADE NAUTICA. 11350-011 São Vicente - SP.",(13) 34639166,Municipal,Não Informado,Não,Sim,Entre 201 e 500 matrículas de escolarização,Ensino Fundamental,"Atendimento Educacional Especializado, Atividade Complementar",-23.9467563,-46.4167258
ESCOLA PARALISADA,PAULA LOURENCO DE OLIVEIRA CRECHE MUNICIPAL,35247832,SP,São Vicente,Urbana,Não Informado,Pública,"RUA LIBANIA DE LIMA CROOCK, 844 RUA. VILA MARGARIDA. 11335-050 São Vicente - SP.",(13) 34630292,Municipal,Não Informado,Não,,,,,-23.9655817,-46.4090191
ESCOLA EM FUNCIONAMENTO E SEM RESTRIÇÃO DE ATENDIMENTO,TIO JOSE CRECHE MUNICIPAL,35247844,SP,São Vicente,Urbana,A escola não está em área de localização diferenciada,Pública,"OITO, 240 RUA. VILA MARGARIDA. 11330-380 São Vicente - SP.",(13) 34630245,Municipal,Não Informado,Não,Sim,Entre 51 e 200 matrículas de escolarização,Educação Infantil,,-23.9731244,-46.4075119
ESCOLA PARALISADA,PASTORIL CRECHE MUNICIPAL,35247856,SP,São Vicente,Urbana,Não Informado,Pública,"RUA SAO MIGUEL DOS CAMPOS, 173 RUA. JARDIM NOSSO LAR. 11370-440 São Vicente - SP.",(13) 34670689,Municipal,Não Informado,Não,,,,,-23.9509605,-46.3871484
ESCOLA EM FUNCIONAMENTO E SEM RESTRIÇÃO DE ATENDIMENTO,CRIANCA ESPERANCA CRECHE MUNICIPAL,35247881,SP,São Vicente,Urbana,A escola não está em área de localização diferenciada,Pública,"VINTE E DOIS, 120 RUA. JARDIM RIO BRANCO. 11347-080 São Vicente - SP.",(13) 35760355,Municipal,Não Informado,Não,Sim,Entre 51 e 200 matrículas de escolarização,Educação Infantil,,-23.9750069,-46.4772504
ESCOLA PARALISADA,ISIDORO MENDES INSTITUTO GLAID SENA CRECHE MUNICIPAL,35247923,SP,São Vicente,Urbana,Não Informado,Pública,"DOUTOR ALCIDES DE ARAUJO, 25 VILA CASCATINHA. 11370-200 São Vicente - SP.",(13) 35610283,Municipal,Não Informado,Não,,,,,-23.9614471,-46.3838512
ESCOLA EM FUNCIONAMENTO E SEM RESTRIÇÃO DE ATENDIMENTO,NOVA ESPERANCA CRECHE MUNICIPAL,35247947,SP,São Vicente,Urbana,A escola não está em área de localização diferenciada,Pública,"CINCO, 351 RUA. JARDIM QUARENTENARIO. 11347-460 São Vicente - SP.",(13) 35760329,Municipal,Não Informado,Não,Sim,Entre 51 e 200 matrículas de escolarização,Educação Infantil,,-23.9803884,-46.4603493
ESCOLA EM FUNCIONAMENTO E SEM RESTRIÇÃO DE ATENDIMENTO,MARIA JOSEFA DA SILVA CRECHE MUNICIPAL,35247972,SP,São Vicente,Urbana,A escola não está em área de localização diferenciada,Pública,"SENADOR SALGADO FILHO, 1040 AVENIDA. VILA JOQUEI CLUBE. 11360-200 São Vicente - SP.",(13) 34630519,Municipal,Não Informado,Não,Sim,Entre 51 e 200 matrículas de escolarização,Educação Infantil,,-23.942471,-46.3959859
ESCOLA EM FUNCIONAMENTO E SEM RESTRIÇÃO DE ATENDIMENTO,ONDINA MARQUES DE MELO CRECHE MUNICIPAL,35247984,SP,São Vicente,Urbana,A escola não está em área de localização diferenciada,Pública,"PADRE ANDRE SOVERAL, SN RUA. VILA EMA. 11345-310 São Vicente - SP.",(13) 35760316,Municipal,Não Informado,Não,Sim,Entre 51 e 200 matrículas de escolarização,Educação Infantil,,-23.9930787,-46.4906514
ESCOLA EM FUNCIONAMENTO E SEM RESTRIÇÃO DE ATENDIMENTO,SANTA TEREZINHA CRECHE MUNICIPAL,35247996,SP,São Vicente,Urbana,A escola não está em área de localização diferenciada,Pública,"BRASILIA, 30 AVENIDA. JARDIM IRMA DOLORES. 11347-550 São Vicente - SP.",(13) 35760234,Municipal,Não Informado,Não,Sim,Entre 201 e 500 matrículas de escolarização,Educação Infantil,,-23.9801338,-46.4533914
ESCOLA PARALISADA,LUIZ GONZAGA OLIVEIRA GOMES CRECHE MUNICIPAL,35248010,SP,São Vicente,Urbana,Não Informado,Pública,"PAULO HORCEL, 251 263. JAPUI. 11325-100 São Vicente - SP.",(13) 35670206,Municipal,Não Informado,Não,,,,,-23.98871,-46.3941201
ESCOLA EM FUNCIONAMENTO E SEM RESTRIÇÃO DE ATENDIMENTO,VOVO RAIMUNDO CRECHE MUNICIPAL,35248083,SP,São Vicente,Urbana,A escola não está em área de localização diferenciada,Pública,"CAPITAO ANTAO DE MOURA, 47 RUA. PARQUE BITARU. 11330-100 São Vicente - SP.",(13) 34660427,Municipal,Não Informado,Não,Sim,Entre 51 e 200 matrículas de escolarização,Educação Infantil,,-23.9712024,-46.3942663
ESCOLA PARALISADA,JUDITH CUNHA AMORIM CRECHE MUNICIPAL,35248095,SP,São Vicente,Urbana,Não Informado,Pública,"RUA MIGUEL PASQUARELLI, 267 RUA. ESPLANADA DOS BARREIROS. 11340-360 São Vicente - SP.",(13) 34630595,Municipal,Não Informado,Não,,,,,-23.9536826,-46.4148289
ESCOLA PARALISADA,ALEXANDER DE SOUZA BARREIRA CRECHE MUNICIPAL,35248125,SP,São Vicente,Urbana,Não Informado,Pública,"FRANCISCO XAVIER DOS PASSOS, 43 RUA. VILA SAO JORGE. 11380-040 São Vicente - SP.",(13) 35610364,Municipal,Não Informado,Não,,,,,-23.9587956,-46.3733857
ESCOLA PARALISADA,MENINO JESUS CRECHE MUNICIPAL,35248150,SP,São Vicente,Urbana,Não Informado,Pública,"ALVARO TREVISAN, 185 VILA NOVA SAO VICENTE. 11346-340 São Vicente - SP.",(13) 35760284,Municipal,Não Informado,Não,,,,,-23.9897059,-46.48799
ESCOLA EM FUNCIONAMENTO E SEM RESTRIÇÃO DE ATENDIMENTO,UNIDADE EDUCACIONAL ERCILIA NOGUEIRA COBRA,35248976,SP,São Vicente,Urbana,A escola não está em área de localização diferenciada,Pública,"VALE DO PO, 400 RUA. VILA MARGARIDA. 11330-670 São Vicente - SP.",(13) 34645146,Municipal,Não Informado,Não,Sim,Mais de 1000 matrículas de escolarização,"Educação Infantil, Ensino Fundamental, Educação de Jovens Adultos","Atendimento Educacional Especializado, Atividade Complementar",-23.9696966,-46.4049972
ESCOLA EM FUNCIONAMENTO E SEM RESTRIÇÃO DE ATENDIMENTO,CIRCUITO ESCOLA TECNICA NA AREA DA SAUDE,35259779,SP,São Vicente,Urbana,A escola não está em área de localização diferenciada,Privada,"GASPAR FREI, 2450 RUA. PARQUE SAO VICENTE. 11340-000 São Vicente - SP.",(13) 34661000,Privada,Particular,Não,Sim,Entre 501 e 1000 matrículas de escolarização,Educação Profissional,,-23.9581216,-46.4010952
ESCOLA EM FUNCIONAMENTO E SEM RESTRIÇÃO DE ATENDIMENTO,CMEJA DE SAO VICENTE CEJAIN,35265457,SP,São Vicente,Urbana,A escola não está em área de localização diferenciada,Pública,"CAPITAOMOR AGUIAR, 798 CENTRO. 11310-200 São Vicente - SP.",(13) 34695470,Municipal,Não Informado,Não,Sim,Entre 201 e 500 matrículas de escolarização,Educação de Jovens Adultos,Atendimento Educacional Especializado,-23.96437,-46.39122
ESCOLA PARALISADA,CMEJA DE SAO VICENTE CEJACON,35265469,SP,São Vicente,Urbana,Não Informado,Pública,"QUARENTENARIO, 1001 JARDIM IRMA DOLORES. 11347-520 São Vicente - SP.",(13) 35763380,Municipal,Não Informado,Não,,,,,-23.9842,-46.46252
ESCOLA PARALISADA,TIC TAC CRECHE MUNICIPAL,35268975,SP,São Vicente,Urbana,Não Informado,Pública,"ALESSANDRIA, 5 RUA. VILA MARGARIDA. 11330-630 São Vicente - SP.",(13) 34620256,Municipal,Não Informado,Não,,,,,-23.9666957,-46.4018259
ESCOLA EM FUNCIONAMENTO E SEM RESTRIÇÃO DE ATENDIMENTO,EL SHADAY CRECHE MUNICIPAL,35270568,SP,São Vicente,Urbana,A escola não está em área de localização diferenciada,Pública,"TAMOIOS, 149 RUA. PARQUE SAO VICENTE. 11360-070 São Vicente - SP.",(13) 34660399,Municipal,Não Informado,Não,Sim,Entre 51 e 200 matrículas de escolarização,Educação Infantil,,-23.9571176,-46.4004245
ESCOLA PARALISADA,ZEZE MASSUNO PROFA CRECHE MUNICIPAL COMUNITARIA,35270573,SP,São Vicente,Urbana,Não Informado,Pública,"FREI GASPAR, 4237 RUA. CIDADE NAUTICA. 11350-000 São Vicente - SP.",(13) 34630709,Municipal,Não Informado,Não,,,,,-23.9478082,-46.4137275
ESCOLA PARALISADA,HEBERT DE SOUZA CRECHE MUNICIPAL BETINHO,35271913,SP,São Vicente,Urbana,Não Informado,Pública,"TREZE, 70 RUA. VILA MATIAS. 11345-270 São Vicente - SP.",(13) 35670267,Municipal,Não Informado,Não,,,,,-23.9897629,-46.4915425
ESCOLA EM FUNCIONAMENTO E SEM RESTRIÇÃO DE ATENDIMENTO,ANTONIO FERNANDO DOS REIS PREF CRECHE MUNICIPAL,35271925,SP,São Vicente,Urbana,A escola não está em área de localização diferenciada,Pública,"VINTE E DOIS DE JANEIRO, 630 CENTRO. 11310-090 São Vicente - SP.",,Municipal,Não Informado,Não,Sim,Entre 51 e 200 matrículas de escolarização,Educação Infantil,,-23.9666121,-46.3932471
ESCOLA EM FUNCIONAMENTO E SEM RESTRIÇÃO DE ATENDIMENTO,UNIDADE EDUCACIONAL ANTONIO PACIFICO,35273485,SP,São Vicente,Urbana,A escola não está em área de localização diferenciada,Pública,"ANADIR DIAS DE CARVALHO, 438 RUA. VILA JOCKEI CLUBE. 11360-400 São Vicente - SP.",(13) 34646586,Municipal,Não Informado,Não,Sim,Mais de 1000 matrículas de escolarização,"Educação Infantil, Ensino Fundamental, Educação de Jovens Adultos","Atendimento Educacional Especializado, Atividade Complementar",-23.9391079,-46.3968223
ESCOLA EM FUNCIONAMENTO E SEM RESTRIÇÃO DE ATENDIMENTO,UNIDADE EDUCACIONAL ARMINDO RAMOS,35273491,SP,São Vicente,Urbana,A escola não está em área de localização diferenciada,Pública,"SERGIPE, 131 RUA. SAMARITA. 11345-050 São Vicente - SP.",(13) 35661165,Municipal,Não Informado,Não,Sim,Entre 501 e 1000 matrículas de escolarização,"Ensino Fundamental, Educação de Jovens Adultos","Atendimento Educacional Especializado, Atividade Complementar",-23.9911652,-46.477164
ESCOLA EM FUNCIONAMENTO E SEM RESTRIÇÃO DE ATENDIMENTO,UNIDADE EDUCACIONAL PROFESSOR GILSON KOOL MONTEIRO,35273508,SP,São Vicente,Urbana,A escola não está em área de localização diferenciada,Pública,"RIVALDO DE LIMA FERREIRA, SN VILA MATIAS. 11345-290 São Vicente - SP.",(13) 35662717,Municipal,Não Informado,Não,Sim,Entre 501 e 1000 matrículas de escolarização,"Educação Infantil, Ensino Fundamental","Atendimento Educacional Especializado, Atividade Complementar",-23.9891701,-46.4922337
ESCOLA EM FUNCIONAMENTO E SEM RESTRIÇÃO DE ATENDIMENTO,UNIDADE EDUCACIONAL PASTOR JOAQUIM RODRIGUES DA SILVA,35273512,SP,São Vicente,Urbana,A escola não está em área de localização diferenciada,Pública,"JOAO FRANCISCO BENSDORF, 301 CIDADE NAUTICA. 11350-010 São Vicente - SP.",(13) 34642173,Municipal,Não Informado,Não,Sim,Entre 501 e 1000 matrículas de escolarização,Ensino Fundamental,"Atendimento Educacional Especializado, Atividade Complementar",-23.9547723,-46.4107385
ESCOLA EM FUNCIONAMENTO E SEM RESTRIÇÃO DE ATENDIMENTO,UNIDADE EDUCACIONAL PROFESSORA LAURA FILGUEIRAS,35273521,SP,São Vicente,Urbana,A escola não está em área de localização diferenciada,Pública,"MARECHAL EUCLIDES ZENOBIO DA COSTA, 75 RUA. VILA MATEO BEI. 11335-330 São Vicente - SP.",(13) 34631420,Municipal,Não Informado,Não,Sim,Mais de 1000 matrículas de escolarização,Ensino Fundamental,"Atendimento Educacional Especializado, Atividade Complementar",-23.961664,-46.4070049
ESCOLA EM FUNCIONAMENTO E SEM RESTRIÇÃO DE ATENDIMENTO,UNIDADE EDUCACIONAL PROFESSOR LUCIO MARTINS RODRIGUES,35273533,SP,São Vicente,Urbana,A escola não está em área de localização diferenciada,Pública,"ODAIR MULLER DE AZEVEDO MARQUES, 434 RUA. VILA MARGARIDA. 11330-690 São Vicente - SP.",(13) 34646289,Municipal,Não Informado,Não,Sim,Mais de 1000 matrículas de escolarização,Ensino Fundamental,"Atendimento Educacional Especializado, Atividade Complementar",-23.968206,-46.4093173
ESCOLA EM FUNCIONAMENTO E SEM RESTRIÇÃO DE ATENDIMENTO,UNIDADE EDUCACIONAL PROFESSOR LUIZ PINHO DE CARVALHO FILHO,35273545,SP,São Vicente,Urbana,A escola não está em área de localização diferenciada,Pública,"DOUTOR JOSE SINGER, 369 RUA. CONJUNTO RESIDENCIAL HUMAITA. 11349-020 São Vicente - SP.",(13) 34662298,Municipal,Não Informado,Não,Sim,Entre 501 e 1000 matrículas de escolarização,Ensino Fundamental,Atendimento Educacional Especializado,-23.9485044,-46.4611603
ESCOLA EM FUNCIONAMENTO E SEM RESTRIÇÃO DE ATENDIMENTO,UNIDADE EDUCACIONAL PROFESSOR RENAN ALVES LEITE,35273557,SP,São Vicente,Urbana,A escola não está em área de localização diferenciada,Pública,"DOUTOR ALCIDES DE ARAUJO, 1030 AVENIDA. JARDIM PARAISO. 11370-200 São Vicente - SP.",(13) 35613211,Municipal,Não Informado,Não,Sim,Entre 501 e 1000 matrículas de escolarização,"Ensino Fundamental, Educação de Jovens Adultos","Atendimento Educacional Especializado, Atividade Complementar",-23.9526488,-46.3836385
ESCOLA EM FUNCIONAMENTO E SEM RESTRIÇÃO DE ATENDIMENTO,UNIDADE EDUCACIONAL PREFEITO JOSE MEIRELLES,35275517,SP,São Vicente,Urbana,A escola não está em área de localização diferenciada,Pública,"TUPA, 345 RUA. QUARENTENARIO. 11347-030 São Vicente - SP.",(13) 35768396,Municipal,Não Informado,Não,Sim,Mais de 1000 matrículas de escolarização,"Educação Infantil, Ensino Fundamental","Atendimento Educacional Especializado, Atividade Complementar",-23.9775444,-46.4566911
ESCOLA EM FUNCIONAMENTO E SEM RESTRIÇÃO DE ATENDIMENTO,UNIDADE EDUCACIONAL PREFEITO ANTONIO FERNANDO DOS REIS,35275529,SP,São Vicente,Urbana,A escola não está em área de localização diferenciada,Pública,"JUIZ DE FORA, 90 AVENIDA. VILA VOTURUA. 11380-420 São Vicente - SP.",(13) 35617722,Municipal,Não Informado,Não,Sim,Entre 501 e 1000 matrículas de escolarização,"Educação Infantil, Ensino Fundamental",Atendimento Educacional Especializado,-23.9624877,-46.3695272
ESCOLA EM FUNCIONAMENTO E SEM RESTRIÇÃO DE ATENDIMENTO,UNIDADE EDUCACIONAL PREFEITO LUIZ BENEDITINO FERREIRA,35275530,SP,São Vicente,Urbana,A escola não está em área de localização diferenciada,Pública,"DOUTOR POLYDORO DE OLIVEIRA BITTENCOURT, 333 RUA. VILA MARGARIDA. 11330-570 São Vicente - SP.",(13) 34611030,Municipal,Não Informado,Não,Sim,Entre 501 e 1000 matrículas de escolarização,"Educação Infantil, Ensino Fundamental",Atendimento Educacional Especializado,-23.9674564,-46.4021862
ESCOLA EM FUNCIONAMENTO E SEM RESTRIÇÃO DE ATENDIMENTO,UNIDADE EDUCACIONAL NOSSA SENHORA DA ESPERANCA,35278750,SP,São Vicente,Urbana,A escola não está em área de localização diferenciada,Pública,"SALVADOR, 30 RUA. JARDIM IRMA DOLORES. 11347-725 São Vicente - SP.",(13) 35761080,Municipal,Não Informado,Não,Sim,Entre 201 e 500 matrículas de escolarização,Educação Infantil,,-23.9799378,-46.4526209
ESCOLA EM FUNCIONAMENTO E SEM RESTRIÇÃO DE ATENDIMENTO,GERALDA ERNESTINA DA SILVA CRECHE MUNICIPAL,35278774,SP,São Vicente,Urbana,A escola não está em área de localização diferenciada,Pública,"OSWALDO TOSCHI VEREADOR, 2975 AVENIDA. VILA JOCKEI CLUBE. 11360-080 São Vicente - SP.",(13) 34630509,Municipal,Não Informado,Não,Sim,Entre 51 e 200 matrículas de escolarização,Educação Infantil,,-23.9405093,-46.3927334
ESCOLA EM FUNCIONAMENTO E SEM RESTRIÇÃO DE ATENDIMENTO,VOVO VITALINO SOARES CRECHE MUNICIPAL,35278798,SP,São Vicente,Urbana,A escola não está em área de localização diferenciada,Pública,"JEQUIE, 1840 RUA. JARDIM RIO NEGRO. 11347-400 São Vicente - SP.",(13) 35760319,Municipal,Não Informado,Não,Sim,Entre 51 e 200 matrículas de escolarização,Educação Infantil,,-23.9830369,-46.4588414
ESCOLA PARALISADA,REGINA APARECIDA SILVA NASCIMENTO TIA CRECHE MUNICIPAL,35278816,SP,São Vicente,Urbana,Não Informado,Pública,"RUA RIO CLARO, 80 JARDIM IRMA DOLORES. 11347-715 São Vicente - SP.",(13) 35760353,Municipal,Não Informado,Não,,,,,-23.98266387,-46.45246451
ESCOLA EM FUNCIONAMENTO E SEM RESTRIÇÃO DE ATENDIMENTO,UNIDADE EDUCACIONAL MAURO APARECIDO DE GODOY,35278919,SP,São Vicente,Urbana,A escola não está em área de localização diferenciada,Pública,"GRANDE ORIENTE DO BRASIL, 3 PRACA. JARDIM POMPEBA. 11355-165 São Vicente - SP.",(13) 34622686,Municipal,Não Informado,Não,Sim,Entre 51 e 200 matrículas de escolarização,Ensino Fundamental,Atendimento Educacional Especializado,-23.9403713,-46.4050676
ESCOLA EM FUNCIONAMENTO E SEM RESTRIÇÃO DE ATENDIMENTO,ALICERCE CENTRO EDUCACIONAL,35289848,SP,São Vicente,Urbana,A escola não está em área de localização diferenciada,Privada,"ANITA COSTA DONA, 88 RUA. VILA VOTURUA. 11380-300 São Vicente - SP.",(13) 33268781,Privada,Particular,Não,Sim,Entre 51 e 200 matrículas de escolarização,Ensino Fundamental,,-23.9605858,-46.375594
ESCOLA EM FUNCIONAMENTO E SEM RESTRIÇÃO DE ATENDIMENTO,OBJETIVO DO LITORAL CENTRO EDUCACIONAL UNIDADE VIII,35290452,SP,São Vicente,Urbana,A escola não está em área de localização diferenciada,Privada,"WILSON PRESIDENTE, 424 AVENIDA. CENTRO. 11320-000 São Vicente - SP.",(13) 35691919,Privada,Particular,Não,Sim,Entre 201 e 500 matrículas de escolarização,"Educação Infantil, Ensino Fundamental, Ensino Médio",,-23.9698168,-46.3730621
ESCOLA EM FUNCIONAMENTO E SEM RESTRIÇÃO DE ATENDIMENTO,BRINCANDO E APRENDENDO COLEGIO,35290497,SP,São Vicente,Urbana,A escola não está em área de localização diferenciada,Privada,"FLORIVAL ALVES DA SILVA, 500 RUA. PARQUE DAS BANDEIRAS. 11346-170 São Vicente - SP.",(13) 35761780,Privada,Particular,Não,Sim,Entre 51 e 200 matrículas de escolarização,"Educação Infantil, Ensino Fundamental",,-23.9791,-46.49291
ESCOLA EM FUNCIONAMENTO E SEM RESTRIÇÃO DE ATENDIMENTO,LUIZ JUNIOR COLEGIO,35297422,SP,São Vicente,Urbana,A escola não está em área de localização diferenciada,Privada,"ANTONIO RISCALLE HUSNE, 923 RUA. JARDIM RIO BRANCO. 11347-020 São Vicente - SP.",(13) 35661347,Privada,Particular,Não,Sim,Entre 201 e 500 matrículas de escolarização,"Educação Infantil, Ensino Fundamental, Ensino Médio",,-23.9793225,-46.4702712
ESCOLA EM FUNCIONAMENTO E SEM RESTRIÇÃO DE ATENDIMENTO,PRIMO CHARLES COLEGIO,35297434,SP,São Vicente,Urbana,A escola não está em área de localização diferenciada,Privada,"PEDRO II DOM, 993 AVENIDA. CIDADE NAUTICA. 11350-100 São Vicente - SP.",(13) 34646937,Privada,Particular,Não,Sim,Até 50 matrículas de escolarização,"Educação Infantil, Ensino Fundamental",,-23.9430084,-46.4152864
ESCOLA EM FUNCIONAMENTO E SEM RESTRIÇÃO DE ATENDIMENTO,CRECHE MUNICIPAL CANTINHO DO ZEZINHO II,35365579,SP,São Vicente,Urbana,A escola não está em área de localização diferenciada,Pública,"SALGADO FILHO SENADOR, 637 AVENIDA. PARQUE SAO VICENTE. 11360-200 São Vicente - SP.",(13) 34646120,Municipal,Não Informado,Não,Sim,Entre 51 e 200 matrículas de escolarização,Educação Infantil,,-23.9461184,-46.3974448
ESCOLA EM FUNCIONAMENTO E SEM RESTRIÇÃO DE ATENDIMENTO,EVOLUCOES COLEGIO,35366493,SP,São Vicente,Urbana,A escola não está em área de localização diferenciada,Privada,"ESMERALDO SOARES TARQUINIO DE CAMPOS FILHO DOUTOR, 765 AVENIDA. PARQUE DAS BANDEIRAS. 11346-000 São Vicente - SP.",(13) 35662295,Privada,Particular,Não,Sim,Entre 51 e 200 matrículas de escolarização,"Educação Infantil, Ensino Fundamental",,-23.9865239,-46.4817897
ESCOLA PARALISADA,KAYK NASCIMENTO DA SILVA CRECHE MUNICIPAL COMUNITARIA,35369470,SP,São Vicente,Urbana,Não Informado,Pública,"QUIRINO MARIO BIASOLI, 98 RUA. CONJUNTO RESIDENCIAL TANCREDO NEVES. 11350-440 São Vicente - SP.",(13) 34630223,Municipal,Não Informado,Não,,,,,-23.9397533,-46.4184286
ESCOLA EM FUNCIONAMENTO E SEM RESTRIÇÃO DE ATENDIMENTO,ANDREA NOBREGA INSTITUTO EDUCACIONAL,35369986,SP,São Vicente,Urbana,A escola não está em área de localização diferenciada,Privada,"GOIAS, 730 JARDIM IRMA DOLORES. 11347-515 São Vicente - SP.",(13) 35661209,Privada,Particular,Não,Sim,Entre 51 e 200 matrículas de escolarização,"Educação Infantil, Ensino Fundamental",,-23.9807736,-46.4547032
ESCOLA EM FUNCIONAMENTO E SEM RESTRIÇÃO DE ATENDIMENTO,ARTES E MANHAS ESCOLA,35370174,SP,São Vicente,Urbana,A escola não está em área de localização diferenciada,Privada,"JORGE SAO, 238 RUA. JARDIM INDEPENDENCIA. 11380-310 São Vicente - SP.",(13) 35615496,Privada,Particular,Não,Sim,Entre 51 e 200 matrículas de escolarização,Educação Infantil,,-23.9594536,-46.3739445
ESCOLA EM FUNCIONAMENTO E SEM RESTRIÇÃO DE ATENDIMENTO,GRUPO DA PRECE CRECHE MUNICIPAL COMUNITARIA,35395341,SP,São Vicente,Urbana,A escola não está em área de localização diferenciada,Pública,"TAMBAU, 1534 VILA NOSSA SENHORA DE FATIMA. 11355-030 São Vicente - SP.",(13) 34643679,Municipal,Não Informado,Não,Sim,Entre 51 e 200 matrículas de escolarização,Educação Infantil,,-23.9418265,-46.4080503
ESCOLA EM FUNCIONAMENTO E SEM RESTRIÇÃO DE ATENDIMENTO,CONSTRUINDO O FUTURO ESCOLA DE EDUCACAO INFANTIL,35395511,SP,São Vicente,Urbana,A escola não está em área de localização diferenciada,Privada,"CAIAMORE, 681 RUA. VILA MARGARIDA. 11335-010 São Vicente - SP.",(13) 34640522,Privada,Particular,Não,Sim,Até 50 matrículas de escolarização,Educação Infantil,,-23.96552675,-46.4047465
ESCOLA EM FUNCIONAMENTO E SEM RESTRIÇÃO DE ATENDIMENTO,CANTINHO DO CEU CRECHE MUNICIPAL,35402148,SP,São Vicente,Urbana,A escola não está em área de localização diferenciada,Pública,"ATALIBA LEONEL, 358 RUA. CATIAPOA. 11370-450 São Vicente - SP.",(13) 30270430,Municipal,Não Informado,Não,Sim,Entre 51 e 200 matrículas de escolarização,Educação Infantil,,-23.9524817,-46.3857584
ESCOLA EM FUNCIONAMENTO E SEM RESTRIÇÃO DE ATENDIMENTO,ETEC DOUTORA RUTH CARDOSO,35405224,SP,São Vicente,Urbana,A escola não está em área de localização diferenciada,Pública,"CORONEL LOPES, 387 PRACA. CENTRO. 11310-020 São Vicente - SP.",(13) 34672955,Estadual,Não Informado,Não,Sim,Entre 501 e 1000 matrículas de escolarização,"Ensino Médio, Educação Profissional",,-23.9650745,-46.3835486
ESCOLA EM FUNCIONAMENTO E SEM RESTRIÇÃO DE ATENDIMENTO,RAIO DE SOL NUCLEO RECREATIVO INFANTIL,35420448,SP,São Vicente,Urbana,A escola não está em área de localização diferenciada,Privada,"SIMAO JAHJAH, 890 RUA. PARQUE DAS BANDEIRAS. 11346-200 São Vicente - SP.",(13) 35661797,Privada,Particular,Não,Sim,Até 50 matrículas de escolarização,Educação Infantil,,-23.98881313,-46.48269387
ESCOLA PARALISADA,ANDREA NOBREGA INSTITUTO EDUCACIONAL,35429181,SP,São Vicente,Urbana,Não Informado,Privada,"RUA GOIAS, SAMARITA. 11345-000 São Vicente - SP.",(13) 35663716,Privada,Não Informado,Não,,,,,                              ,                              
ESCOLA EM FUNCIONAMENTO E SEM RESTRIÇÃO DE ATENDIMENTO,LOBATO COLEGIO,35430365,SP,São Vicente,Urbana,A escola não está em área de localização diferenciada,Privada,"PERSIO DE QUEIROS FILHO, 614 AVENIDA. CATIAPOA. 11370-300 São Vicente - SP.",(13) 34692843,Privada,Particular,Não,Sim,Entre 51 e 200 matrículas de escolarização,"Educação Infantil, Ensino Fundamental",,-23.9579502,-46.3877068
ESCOLA EM FUNCIONAMENTO E SEM RESTRIÇÃO DE ATENDIMENTO,CARA PINTADA CENTRO DE RECREACAO INFANTIL,35434024,SP,São Vicente,Urbana,A escola não está em área de localização diferenciada,Privada,"DUARTE DA COSTA DOM, 858 RUA. VILA JOCKEI CLUBE. 11360-280 São Vicente - SP.",(13) 34646203,Privada,Particular,Não,Sim,Até 50 matrículas de escolarização,Educação Infantil,,-23.94941,-46.39795
ESCOLA EM FUNCIONAMENTO E SEM RESTRIÇÃO DE ATENDIMENTO,CRUZ AZUL DE SAO PAULO COLEGIO,35440826,SP,São Vicente,Urbana,A escola não está em área de localização diferenciada,Privada,"RUI BARBOSA, 238 PRACA. PARQUE SAO VICENTE. 11360-040 São Vicente - SP.",(13) 34655520,Privada,Particular,Não,Sim,Entre 201 e 500 matrículas de escolarização,"Ensino Fundamental, Ensino Médio",,-23.9548238,-46.399564
ESCOLA EM FUNCIONAMENTO E SEM RESTRIÇÃO DE ATENDIMENTO,ALEGRIA DE VIVER ESCOLA,35442069,SP,São Vicente,Urbana,A escola não está em área de localização diferenciada,Privada,"SIRIA, 255 RUA. PARQUE BITARU. 11330-140 São Vicente - SP.",(13) 34668498,Privada,Particular,Não,Sim,Até 50 matrículas de escolarização,Educação Infantil,,-23.96994,-46.39659
ESCOLA EM FUNCIONAMENTO E SEM RESTRIÇÃO DE ATENDIMENTO,UNICO COLEGIO,35446786,SP,São Vicente,Urbana,A escola não está em área de localização diferenciada,Privada,"FRANCISCO DIAS JORGE, 745 RUA. CIDADE NAUTICA. 11350-270 São Vicente - SP.",(13) 34638942,Privada,Particular,Não,Sim,Entre 51 e 200 matrículas de escolarização,"Educação Infantil, Ensino Fundamental",,-23.9413592,-46.4115221
ESCOLA EM FUNCIONAMENTO E SEM RESTRIÇÃO DE ATENDIMENTO,MUNDO VERDE COLEGIO,35452270,SP,São Vicente,Urbana,A escola não está em área de localização diferenciada,Privada,"ANTONIO EMMERICH, 1373 VILA CASCATINHA. 11370-900 São Vicente - SP.",(13) 33711808,Privada,Particular,Não,Sim,Entre 51 e 200 matrículas de escolarização,"Educação Infantil, Ensino Fundamental",,-23.9597154,-46.3730844
ESCOLA EM FUNCIONAMENTO E SEM RESTRIÇÃO DE ATENDIMENTO,PENITENCIARIA DOUTOR GERALDO DE ANDRADE VIEIRA I,35454138,SP,São Vicente,Urbana,A escola não está em área de localização diferenciada,Pública,"PADRE MANOEL DA NOBREGA KM 66, SN KM 66. SAMARITA. 11348-910 São Vicente - SP.",(13) 34061310,Estadual,Não Informado,Não,Sim,Entre 51 e 200 matrículas de escolarização,Educação de Jovens Adultos,,-23.961559,-46.4703781
ESCOLA EM FUNCIONAMENTO E SEM RESTRIÇÃO DE ATENDIMENTO,NAYLA AMOR A VIDA CRECHE COMUNITARIA,35461271,SP,São Vicente,Urbana,A escola não está em área de localização diferenciada,Privada,"DILSON MARONE, 25 RUA. CONJUNTO RESIDENCIAL TANCREDO NEVES. 11350-570 São Vicente - SP.",(13) 11350570,Privada,Filantrópica,Sim,Sim,Entre 51 e 200 matrículas de escolarização,Educação Infantil,,-23.9415033,-46.4191731
ESCOLA EM FUNCIONAMENTO E SEM RESTRIÇÃO DE ATENDIMENTO,TURMINHA DA DISNEY ESCOLA DE EDUCACAO INFANTIL,35463383,SP,São Vicente,Urbana,A escola não está em área de localização diferenciada,Privada,"EMILIO JUSTO DEPUTADO, 202 RUA. CONJUNTO RESIDENCIAL HUMAITA. 11349-030 São Vicente - SP.",(13) 34060833,Privada,Particular,Não,Sim,Até 50 matrículas de escolarização,Educação Infantil,,                              ,                              
ESCOLA EM FUNCIONAMENTO E SEM RESTRIÇÃO DE ATENDIMENTO,CENTRO EDUCACIONAL SENINHA,35468666,SP,São Vicente,Urbana,A escola não está em área de localização diferenciada,Privada,"CINCO, 350 RUA. JARDIM IRMA DOLORES. 11347-460 São Vicente - SP.",(13) 997917481,Privada,Particular,Não,Sim,Entre 51 e 200 matrículas de escolarização,"Educação Infantil, Ensino Fundamental",,-23.98038531,-46.46006974
ESCOLA EM FUNCIONAMENTO E SEM RESTRIÇÃO DE ATENDIMENTO,UNIDADE EDUCACIONAL MARIA ELIZABETH RAMOS DA SILVA,35469701,SP,São Vicente,Urbana,A escola não está em área de localização diferenciada,Pública,"UM, 135 RUA. SAMARITA. 11345-010 São Vicente - SP.",(13) 35760359,Municipal,Não Informado,Não,Sim,Entre 51 e 200 matrículas de escolarização,Educação Infantil,,-23.9880561,-46.4687696
ESCOLA EM FUNCIONAMENTO E SEM RESTRIÇÃO DE ATENDIMENTO,JOSEFA MARIA DE SOUZA CRECHE MUNICIPAL,35478337,SP,São Vicente,Urbana,A escola não está em área de localização diferenciada,Pública,"QUARENTA E CINCO, 710 PRACA. CONJUNTO RESIDENCIAL HUMAITA. 11349-210 São Vicente - SP.",(13) 35640264,Municipal,Não Informado,Não,Sim,Entre 51 e 200 matrículas de escolarização,Educação Infantil,,-23.9518979,-46.4533393
ESCOLA EM FUNCIONAMENTO E SEM RESTRIÇÃO DE ATENDIMENTO,EVOLUCOES UNIDADE II COLEGIO,35482080,SP,São Vicente,Urbana,A escola não está em área de localização diferenciada,Privada,"ESMERALDO SOARES TARQUINIO DE CAMPOS FILHO DOUTOR, 1074 AVENIDA. PARQUE DAS BANDEIRAS. 11346-000 São Vicente - SP.",(13) 35666167,Privada,Particular,Não,Sim,Entre 51 e 200 matrículas de escolarização,Ensino Fundamental,,-23.9885984,-46.479938
ESCOLA EM FUNCIONAMENTO E SEM RESTRIÇÃO DE ATENDIMENTO,ALDEIA DE PARANAPUA,35495670,SP,São Vicente,Urbana,A escola não está em área de localização diferenciada,Pública,"PRAIA DE PARANAPUA, SN AVENIDA. ALDEIA PARANAPUA. 11325-010 São Vicente - SP.",,Estadual,Não Informado,Não,Sim,Até 50 matrículas de escolarização,"Educação Infantil, Ensino Fundamental",,                              ,                              
ESCOLA EM FUNCIONAMENTO E SEM RESTRIÇÃO DE ATENDIMENTO,NUCLEO DE RECREACAO INFANTIL NOVO PLANETA DA CRIANCA DE SAO VICENTE,35496728,SP,São Vicente,Urbana,A escola não está em área de localização diferenciada,Privada,"JOAO ARMENIO CAICHJIAN, 68 RUA. ESPLANADA DOS BARREIROS. 11340-390 São Vicente - SP.",(13) 34671993,Privada,Particular,Não,Sim,Até 50 matrículas de escolarização,Educação Infantil,,-23.96045,-46.40365
ESCOLA EM FUNCIONAMENTO E SEM RESTRIÇÃO DE ATENDIMENTO,ESCOLA PARTICULAR VILMA VILA NOVA,35496736,SP,São Vicente,Urbana,A escola não está em área de localização diferenciada,Privada,"CEARA, 111 RUA. SAMARITA. 11345-045 São Vicente - SP.",(13) 996453664,Privada,Particular,Não,Sim,Entre 51 e 200 matrículas de escolarização,"Educação Infantil, Ensino Fundamental, Ensino Médio",Atividade Complementar,-23.9907029,-46.4747913
ESCOLA EM FUNCIONAMENTO E SEM RESTRIÇÃO DE ATENDIMENTO,PRIVILEGIO COLEGIO,35498865,SP,São Vicente,Urbana,A escola não está em área de localização diferenciada,Privada,"QUINTINO BOCAIUVA, 675 E 685. CENTRO. 11320-010 São Vicente - SP.",(13) 34669130,Privada,Particular,Não,Sim,Entre 51 e 200 matrículas de escolarização,"Educação Infantil, Ensino Fundamental",,-23.9677002,-46.3733756
ESCOLA EM FUNCIONAMENTO E SEM RESTRIÇÃO DE ATENDIMENTO,PEQUENO APRENDIZ CRECHE ESCOLA,35499948,SP,São Vicente,Urbana,A escola não está em área de localização diferenciada,Privada,"TENENTE JOSE DOS SANTOS, 269 JARDIM RIO BRANCO. 11347-100 São Vicente - SP.",(13) 35661738,Privada,Filantrópica,Sim,Sim,Entre 51 e 200 matrículas de escolarização,Educação Infantil,,-23.9766089,-46.4807817
ESCOLA EM FUNCIONAMENTO E SEM RESTRIÇÃO DE ATENDIMENTO,VIDEIRA COLEGIO,35513647,SP,São Vicente,Urbana,A escola não está em área de localização diferenciada,Privada,"ALAGOAS, 120 RUA. JARDIM RIO BRANCO. 11347-190 São Vicente - SP.",(13) 35760800,Privada,Particular,Não,Sim,Entre 51 e 200 matrículas de escolarização,"Educação Infantil, Ensino Fundamental",,-23.9844647,-46.4666953
ESCOLA PARALISADA,CENTRO ATEND SOCIO-EDUC ADOLESCENTE DE SAO VICENTE-UIP,35559519,SP,São Vicente,Urbana,Não Informado,Pública,"RODOVIA PADRE MANOEL DA NOBREGA, SAMARITA. 11346-300 São Vicente - SP.",(13) 34064603,Estadual,Não Informado,Não,,,,,                              ,                              
ESCOLA EM FUNCIONAMENTO E SEM RESTRIÇÃO DE ATENDIMENTO,CENTRO ATEND SOCIOEDUC ADOLESCENTE DE SAO VICENTE CI,35559520,SP,São Vicente,Urbana,A escola não está em área de localização diferenciada,Pública,"MANOEL DA NOBREGA, SN RODOVIA. SAMARITA. 11346-300 São Vicente - SP.",(13) 33253828,Estadual,Não Informado,Não,Sim,Entre 51 e 200 matrículas de escolarização,"Ensino Fundamental, Ensino Médio",,-23.9615142,-46.473623
ESCOLA EM FUNCIONAMENTO E SEM RESTRIÇÃO DE ATENDIMENTO,JOSE CAMPELO VOVO CRECHE MUNICIPAL,35560856,SP,São Vicente,Urbana,A escola não está em área de localização diferenciada,Pública,"GILBERTO ESTEVES MARTINS, 320 JARDIM RIO BRANCO. 11347-200 São Vicente - SP.",(13) 34060691,Municipal,Não Informado,Não,Sim,Entre 51 e 200 matrículas de escolarização,Educação Infantil,,-23.9770725,-46.4760525
ESCOLA EM FUNCIONAMENTO E SEM RESTRIÇÃO DE ATENDIMENTO,ARTES E MANHAS UNID II ESCOLA EDUC INFANTIL ENS FUNDAMENTAL,35560960,SP,São Vicente,Urbana,A escola não está em área de localização diferenciada,Privada,"FRANCISCO XAVIER DOS PASSOS, 425 RUA. VILA SAO JORGE. 11380-040 São Vicente - SP.",(13) 33299782,Privada,Particular,Não,Sim,Entre 51 e 200 matrículas de escolarização,Ensino Fundamental,,-23.9555679,-46.3720716
ESCOLA EM FUNCIONAMENTO E SEM RESTRIÇÃO DE ATENDIMENTO,LAR DA CRIANCA FELIZ CRECHE MUNICIPAL,35561034,SP,São Vicente,Urbana,A escola não está em área de localização diferenciada,Pública,"LOVELY PLAUCHUT PROFESSOR, 787 RUA. VILA MATEO BEI. 11335-300 São Vicente - SP.",(13) 34649299,Municipal,Não Informado,Não,Sim,Entre 51 e 200 matrículas de escolarização,Educação Infantil,,-23.9670579,-46.4112822
ESCOLA PARALISADA,SENAT SERVICO NACIONAL DE APRENDIZAGEM DO TRANSPORTE,35565885,SP,São Vicente,Urbana,Não Informado,Privada,"PC ADALBERTO PANZAN, 151 ESPLANADA DOS BARREIROS. 11340-265 São Vicente - SP.",(13) 34651300,Privada,Não Informado,Não,,,,,                              ,                              
ESCOLA EM FUNCIONAMENTO E SEM RESTRIÇÃO DE ATENDIMENTO,CENTRO RECREATIVO INFANTIL JARDIM OLIVEIRA,35578873,SP,São Vicente,Urbana,A escola não está em área de localização diferenciada,Privada,"JEQUIE, 1888 RUA. JARDIM RIO NEGRO. 11347-400 São Vicente - SP.",(13) 35668057,Privada,Particular,Não,Sim,Até 50 matrículas de escolarização,Educação Infantil,,                              ,                              
ESCOLA EM FUNCIONAMENTO E SEM RESTRIÇÃO DE ATENDIMENTO,CRECHE ESCOLA DE EDUCACAO INFANTIL PALAVRA CANTADA,35579063,SP,São Vicente,Urbana,A escola não está em área de localização diferenciada,Privada,"DO PARQUE, 487 TRAVESSA. CATIAPOA. 11365-330 São Vicente - SP.",(13) 34680752,Privada,Particular,Não,Sim,Até 50 matrículas de escolarização,Educação Infantil,,-23.96094489,-46.38990177
ESCOLA EM FUNCIONAMENTO E SEM RESTRIÇÃO DE ATENDIMENTO,PENITENCIARIA II DE SAO VICENTE,35581689,SP,São Vicente,Urbana,A escola não está em área de localização diferenciada,Pública,"PADRE MANOEL DA NOBREGA, SN KM 282. PARQUE CONTINENTAL. 11348-910 São Vicente - SP.",(13) 34061221,Estadual,Não Informado,Não,Sim,Entre 51 e 200 matrículas de escolarização,Educação de Jovens Adultos,,                              ,                              
ESCOLA EM FUNCIONAMENTO E SEM RESTRIÇÃO DE ATENDIMENTO,ESCOLA FORTEC,35583716,SP,São Vicente,Urbana,A escola não está em área de localização diferenciada,Privada,"BENEDITO CALIXTO, 160 170. CENTRO. 11320-070 São Vicente - SP.",(13) 35692525,Privada,Particular,Não,Sim,Entre 201 e 500 matrículas de escolarização,"Educação Infantil, Ensino Fundamental",,-23.9676152,-46.3759908
ESCOLA EM FUNCIONAMENTO E SEM RESTRIÇÃO DE ATENDIMENTO,BERCARIO E EDUCACAO INFANTIL ROSA DE SAROM,35586249,SP,São Vicente,Urbana,A escola não está em área de localização diferenciada,Privada,"SANTA CRUZ, 78 RUA. CENTRO. 11310-290 São Vicente - SP.",(13) 34667838,Privada,Particular,Não,Sim,Entre 51 e 200 matrículas de escolarização,Educação Infantil,,-23.96799261,-46.39032997
ESCOLA EM FUNCIONAMENTO E SEM RESTRIÇÃO DE ATENDIMENTO,CAMINHO DO SABER,35587928,SP,São Vicente,Urbana,A escola não está em área de localização diferenciada,Privada,"ALAMEDA DOIS, 817 PARQUE CONTINENTAL. 11348-300 São Vicente - SP.",(13) 35642136,Privada,Particular,Não,Sim,Entre 51 e 200 matrículas de escolarização,Educação Infantil,,-23.95435693,-46.46098349
ESCOLA EM FUNCIONAMENTO E SEM RESTRIÇÃO DE ATENDIMENTO,COLEGIO GENESIS SAO VICENTE,35587953,SP,São Vicente,Urbana,A escola não está em área de localização diferenciada,Privada,"JULIA DE ALMEIDA PIRES PROFESSORA, 530 RUA. JARDIM RIO BRANCO. 11347-090 São Vicente - SP.",(13) 33666688,Privada,Particular,Não,Sim,Entre 51 e 200 matrículas de escolarização,Educação Infantil,,-23.97897339,-46.47873247
ESCOLA EM FUNCIONAMENTO E SEM RESTRIÇÃO DE ATENDIMENTO,CAMBARA ESCOLA,35805312,SP,São Vicente,Urbana,A escola não está em área de localização diferenciada,Privada,"RUA DO COLEGIO, 161 CENTRO. 11310-210 São Vicente - SP.",(13) 34669376,Privada,Particular,Não,Sim,Até 50 matrículas de escolarização,"Educação Infantil, Ensino Fundamental",,-23.9641083,-46.3791773
ESCOLA EM FUNCIONAMENTO E SEM RESTRIÇÃO DE ATENDIMENTO,ALBINO LUIZ CALDAS PROFESSOR,35901404,SP,São Vicente,Urbana,A escola não está em área de localização diferenciada,Pública,"IRMA MARIA RITA DE SOUZA BRITO LOPES IRMA DULCE, SN RUA. HUMAITA. 11349-330 São Vicente - SP.",(13) 34061163,Estadual,Não Informado,Não,Sim,Mais de 1000 matrículas de escolarização,"Ensino Fundamental, Ensino Médio, Educação Profissional",,-23.9604032,-46.4699338
ESCOLA PARALISADA,ERCILIA NOGUEIRA COBRA,35901428,SP,São Vicente,Urbana,Não Informado,Pública,"VALE DO PO, 400 VL MARGARIDA. 11330-670 São Vicente - SP.",(13) 34649952,Estadual,Não Informado,Não,,,,,                              ,                              
ESCOLA EM FUNCIONAMENTO E SEM RESTRIÇÃO DE ATENDIMENTO,PAULO DE ARRUDA PENTEADO PROFESSOR,35905012,SP,São Vicente,Urbana,A escola não está em área de localização diferenciada,Pública,"JOSE SINGER DOUTOR, SN AVENIDA. CONJUNTO RESIDENCIAL HUMAITA. 11349-000 São Vicente - SP.",(13) 34062214,Estadual,Não Informado,Não,Sim,Entre 501 e 1000 matrículas de escolarização,"Ensino Fundamental, Ensino Médio, Educação Profissional",Atendimento Educacional Especializado,-23.9497284,-46.460612
ESCOLA EM FUNCIONAMENTO E SEM RESTRIÇÃO DE ATENDIMENTO,JOSE DE ALMEIDA PINHEIRO JUNIOR PROFESSOR,35909865,SP,São Vicente,Urbana,A escola não está em área de localização diferenciada,Pública,"DOUTOR JOSE BENEDITO ALMEIDA RIBEIRO, SN RUA. PARQUE DAS BANDEIRAS. 11346-030 São Vicente - SP.",(13) 35662718,Estadual,Não Informado,Não,Sim,Entre 201 e 500 matrículas de escolarização,"Ensino Fundamental, Ensino Médio, Educação de Jovens Adultos",,-23.9847933,-46.4901917
ESCOLA EM FUNCIONAMENTO E SEM RESTRIÇÃO DE ATENDIMENTO,JOAQUIM LOPES LEAO PASTOR,35909877,SP,São Vicente,Urbana,A escola não está em área de localização diferenciada,Pública,"ALEXANDRE SENDIM, 150 RUA. PARQUE BITARU. 11330-420 São Vicente - SP.",(13) 34697675,Estadual,Não Informado,Não,Sim,Entre 501 e 1000 matrículas de escolarização,"Ensino Fundamental, Ensino Médio",Atividade Complementar,-23.9743525,-46.3986125
ESCOLA EM FUNCIONAMENTO E SEM RESTRIÇÃO DE ATENDIMENTO,OSWALDO DOS SANTOS SOARES PROFESSOR DOUTOR,35909889,SP,São Vicente,Urbana,A escola não está em área de localização diferenciada,Pública,"NOVE DE JULHO, 465 AVENIDA. VILA CASCATINHA. 11370-020 São Vicente - SP.",(13) 35612151,Estadual,Não Informado,Não,Sim,Entre 201 e 500 matrículas de escolarização,Ensino Fundamental,,-23.9568712,-46.3803114
ESCOLA EM FUNCIONAMENTO E SEM RESTRIÇÃO DE ATENDIMENTO,ALBERTO AUGUSTO PASTOR,35909907,SP,São Vicente,Urbana,A escola não está em área de localização diferenciada,Pública,"DEZESSETE, SN RUA. CIDADE NAUTICA. 11350-540 São Vicente - SP.",(13) 34643337,Estadual,Não Informado,Não,Sim,Entre 201 e 500 matrículas de escolarização,"Ensino Fundamental, Ensino Médio, Educação Profissional",Atendimento Educacional Especializado,-23.940446,-46.4177519
ESCOLA EM FUNCIONAMENTO E SEM RESTRIÇÃO DE ATENDIMENTO,MARIO COVAS JUNIOR GOVERNADOR,35923485,SP,São Vicente,Urbana,A escola não está em área de localização diferenciada,Pública,"DOUTOR ARCHIMEDES BAVA, SN RUA. PARQUE DAS BANDEIRAS. 11346-190 São Vicente - SP.",(13) 35768089,Estadual,Não Informado,Não,Sim,Mais de 1000 matrículas de escolarização,"Ensino Fundamental, Ensino Médio",Atendimento Educacional Especializado,-23.9820495,-46.4947367
ESCOLA EXCLUSIVA DE ATIVIDADE COMPLEMENTAR,CEL JTO A EE MARTIM AFONSO,35985247,SP,São Vicente,Urbana,A escola não está em área de localização diferenciada,Pública,"JOSE BONIFACIO, 102 RUA. CENTRO. 11310-080 São Vicente - SP.",(13) 34681625,Estadual,Não Informado,Não,Sim,Escola sem matrícula de escolarização,,Atividade Complementar,-23.969276,-46.38343